Hotel_Name,Rating,Score,Number_Reviews,Price,Room_Type,City,Country
Adina Apartment Hotel Melbourne Flinders Street,Excellent,8.8,"2,334",183,Premier One-Bedroom Apartment,Melbourne,Australia
Adina Apartment Hotel Melbourne Southbank,Excellent,8.7,"6,368",133,Studio Apartment - King,Melbourne,Australia
Atlantis Hotel Melbourne,Very Good,8.3,"10,290",86,Executive Queen Suite,Melbourne,Australia
Avani Melbourne Jazz Corner Residences,Very Good,8.5,"1,339",114,Studio,Melbourne,Australia
Brady Apartment Hotel Flinders Street,Very Good,8.4,"2,938",98,Studio Apartment,Melbourne,Australia
Brady Apartment Hotel Hardware Lane,Very Good,8.5,"2,937",103,Studio - Disability Access,Melbourne,Australia
Brady Hotels Central Melbourne,Very Good,8.4,"2,873",97,Brady Queen Room,Melbourne,Australia
Brady Hotels Jones Lane,Very Good,8.5,"3,499",92,King Room,Melbourne,Australia
CitiClub Hotel Melbourne,Good,7.5,"2,841",103,Superior Queen Room,Melbourne,Australia
CLLIX Australia 108 Apartments,Good,7.8,"2,510",180,One-Bedroom Apartment,Melbourne,Australia
Crown Metropol Melbourne,Very Good,8.3,"7,891",,Luxe King Room,Melbourne,Australia
Crown Promenade Melbourne,Very Good,8.4,"9,916",,Standard King Room,Melbourne,Australia
Dorsett Melbourne,Excellent,8.6,"5,557",152,Dorsett King,Melbourne,Australia
Grand Hyatt Melbourne,Excellent,8.7,"5,294",,King Room,Melbourne,Australia
Hotel Collins,Very Good,8.2,"3,672",97,Studio Apartment,Melbourne,Australia
Hotel Grand Chancellor Melbourne,Good,7.9,"10,131",119,Classic Queen Room,Melbourne,Australia
Hotel Indigo Melbourne on Flinders by IHG,Wonderful,9.1,736,149,Premium King Room,Melbourne,Australia
Imagine Lighthouse,Very Good,8,"1,732",125,One-Bedroom Apartment,Melbourne,Australia
Imagine Marco,Good,7.7,"4,508",108,One-Bedroom Apartment,Melbourne,Australia
Laneways by Ovolo,Excellent,8.6,623,174,Downtown Studio,Melbourne,Australia
Lanson Place Parliament Gardens,Wonderful,9.2,313,217,Hotel Room - King,Melbourne,Australia
Mantra on Little Bourke,Very Good,8.4,"1,133",,Executive Studio,Melbourne,Australia
Melbourne Place,Excellent,8.9,96,165,Everyday Queen,Melbourne,Australia
Mercure Welcome Melbourne,Good,7.5,"5,278",,Standard Queen Room,Melbourne,Australia
Nesuto Docklands,Excellent,8.8,"3,793",117,Premium Apartment,Melbourne,Australia
Oaks Melbourne on Lonsdale Suites,Good,7.8,"3,187",131,Studio Apartment,Melbourne,Australia
Oaks Melbourne on Market Hotel,Very Good,8.2,"5,517",120,Studio Apartment,Melbourne,Australia
Oaks Melbourne Southbank Suites,Very Good,8.1,"3,670",114,One-Bedroom Apartment,Melbourne,Australia
Pan Pacific Melbourne,Excellent,8.9,"3,328",,Deluxe Twin Room,Melbourne,Australia
Pegasus Apart-Hotel,Very Good,8.3,"6,816",77,Queen Studio,Melbourne,Australia
QT Melbourne,Wonderful,9,"2,551",219,QT King Room,Melbourne,Australia
Quest Docklands,Excellent,8.7,"2,198",157,One-Bedroom Apartment,Melbourne,Australia
Quest Southbank,Very Good,8.5,"1,283",183,One-Bedroom Apartment,Melbourne,Australia
Radisson On Flagstaff Gardens Melbourne,Very Good,8.4,"3,191",128,Standard Room,Melbourne,Australia
Rydges Melbourne,Excellent,8.9,"3,786",152,King Room,Melbourne,Australia
Stamford Plaza Melbourne,Very Good,8,"9,226",143,Studio Queen Suite,Melbourne,Australia
The Canvas Apartment Hotel,Very Good,8.2,"2,456",97,Deluxe Suite,Melbourne,Australia
The Howey,Excellent,8.6,"1,445",152,Urban Laneway Twin,Melbourne,Australia
The Langham Melbourne,Excellent,8.8,"4,636",,Superior King,Melbourne,Australia
The Savoy Hotel on Little Collins Melbourne,Excellent,8.7,"5,524",163,Savoy King or Twin Room,Melbourne,Australia
The Victoria Hotel,Very Good,8.2,"12,415",96,Heritage Queen Room,Melbourne,Australia
The Windsor,Very Good,8.1,"3,165",131,Traditional Queen Room,Melbourne,Australia
Travelodge Hotel Melbourne Docklands,Very Good,8.2,"9,110",113,Standard King Room,Melbourne,Australia
Treasury on Collins,Wonderful,9.3,900,243,Heritage Queen Suite,Melbourne,Australia
Urban Apartments Melbourne on Elizabeth,Good,7.7,"2,798",131,Deluxe Queen Studio,Melbourne,Australia
Veriu Queen Victoria Market,Wonderful,9,"2,122",163,Veriu Suite - Accessible,Melbourne,Australia
Vibe Hotel Melbourne,Excellent,8.9,"6,237",,Accessible Urban Room King or Twin,Melbourne,Australia
WRAP on Southbank,Very Good,8,"4,511",125,One-Bedroom Apartment,Melbourne,Australia
Wyndham Hotel Melbourne,Very Good,8.4,"1,888",133,One Bedroom Apartment,Melbourne,Australia
YEHS Hotel Melbourne CBD,Good,7.4,"11,186",82,Standard Double Room,Melbourne,Australia
Aquarela do Leme,Wonderful,9.2,"1,370",90,Deluxe Double Room with Balcony and Sea View,Rio de Janeiro,Brazil
Arena Ipanema Hotel,Very Good,8.1,"2,317",175,Standard Double Room,Rio de Janeiro,Brazil
Atlantis Copacabana Hotel,Very Good,8.5,"4,043",,Deluxe Double Room with Sea View,Rio de Janeiro,Brazil
Aurora Hostel Rio,Very Good,8.5,769,54,Quadruple Room,Rio de Janeiro,Brazil
B&B HOTEL Rio Copacabana Forte,Good,7.9,"3,018",,Superior Double Room with Balcony,Rio de Janeiro,Brazil
B&B HOTEL Santos Dumont,Excellent,8.7,"2,210",72,Standard Queen Room,Rio de Janeiro,Brazil
Bourbon Residence Barra da Tijuca - Rio de Janeiro,Very Good,8.4,"2,638",94,Superior Twin Room,Rio de Janeiro,Brazil
Chez Georges,Excellent,8.6,149,250,King Room with Balcony,Rio de Janeiro,Brazil
CLH Suites Domingos Ferreira,Very Good,8,"3,875",123,Superior Double Room,Rio de Janeiro,Brazil
"Copacabana Palace, A Belmond Hotel, Rio de Janeiro",Exceptional,9.5,"1,495",,Superior Double or Twin Room with City View,Rio de Janeiro,Brazil
El Misti Hostel Ipanema,Excellent,8.6,"2,791",149,Budget Private Room Ensuite,Rio de Janeiro,Brazil
eSuites Hotel Recreio Shopping,Excellent,8.8,"3,694",86,Double Room,Rio de Janeiro,Brazil
Hilton Copacabana Rio de Janeiro,Very Good,8.3,"3,927",,King Room with Ocean View,Rio de Janeiro,Brazil
Hotel Arpoador,Excellent,8.7,"1,194",340,Double or Twin Room,Rio de Janeiro,Brazil
Hotel Astoria Copacabana,Good,7.9,"7,645",180,Suite with Hot Tub,Rio de Janeiro,Brazil
Hotel Astoria Palace,Very Good,8.1,"8,023",,Standard Double Room,Rio de Janeiro,Brazil
Hotel Atlântico Travel Copacabana,Good,7.2,"13,944",59,Standard Triple Room,Rio de Janeiro,Brazil
Hotel Bandeirantes,Very Good,8,"6,670",84,Double Room,Rio de Janeiro,Brazil
Hotel Diplomata Copacabana,Very Good,8.4,"2,376",74,Standard Triple Room,Rio de Janeiro,Brazil
Hotel Nacional Rio de Janeiro - OFICIAL,Excellent,8.6,"5,828",140,Deluxe Room Mountain View,Rio de Janeiro,Brazil
Hotelinho Urca Guest House,Wonderful,9.2,687,64,Standard Double Suite,Rio de Janeiro,Brazil
ibis budget RJ Praia de Botafogo,Good,7.7,"4,007",,Classic Double Room,Rio de Janeiro,Brazil
ibis Rio de Janeiro Barra da Tijuca,Very Good,8.1,"4,029",,Standard Double Room - Disability Access,Rio de Janeiro,Brazil
ibis Rio de Janeiro Centro,Good,7.5,"2,806",,Standard Double Room,Rio de Janeiro,Brazil
ibis Rio de Janeiro Santos Dumont,Good,7.8,"6,749",,Twin Room,Rio de Janeiro,Brazil
ibis Styles Rio de Janeiro Botafogo,Very Good,8.2,"1,733",,Standard Apartment with Two Single Beds,Rio de Janeiro,Brazil
Injoy Lofts & Studios Ipanema,Excellent,8.6,866,97,Standard Triple Studio (no elevator),Rio de Janeiro,Brazil
Intercity Rio de Janeiro Porto Maravilha,Very Good,8.4,"2,744",90,Standard PwD Disability Access - 1 King Bed,Rio de Janeiro,Brazil
Ipanema Beach Hostel,Excellent,8.6,"1,406",159,Junior Suite with Balcony,Rio de Janeiro,Brazil
Ipanema Inn Hotel,Excellent,8.8,"1,406",300,Standard Room,Rio de Janeiro,Brazil
Itajubá Hotel,Good,7.4,"10,173",,Double Room with Double bed,Rio de Janeiro,Brazil
JANEIRO Hotel,Wonderful,9.1,414,796,Deluxe Double Room,Rio de Janeiro,Brazil
Linx Galeão,Very Good,8.3,"7,078",115,Standard Double Room,Rio de Janeiro,Brazil
Mango Tree Ipanema,Very Good,8.1,560,69,Standard Double Room with Shared Bathroom,Rio de Janeiro,Brazil
Mengo Palace Hotel,Very Good,8.2,"2,342",52,Standard Double Room,Rio de Janeiro,Brazil
Miramar By Windsor Copacabana,Wonderful,9,"4,875",261,Superior Double Room with Partial Ocean View,Rio de Janeiro,Brazil
Modernistas Arte,Exceptional,9.5,33,64,Double Room with Balcony,Rio de Janeiro,Brazil
Novotel Rio de Janeiro Leme,Very Good,8.2,"2,504",,Superior Twin Room,Rio de Janeiro,Brazil
Novotel RJ Porto Atlantico,Very Good,8.1,"1,169",,Standard Apartment with One Double Bed,Rio de Janeiro,Brazil
Novotel RJ Santos Dumont,Very Good,8.2,"1,475",,Superior Queen Room,Rio de Janeiro,Brazil
Olinda Rio Hotel,Excellent,8.6,"3,064",237,Luxury Double Room with Sea View,Rio de Janeiro,Brazil
Orla Copacabana Hotel,Very Good,8.5,"4,304",161,Standard Double Room,Rio de Janeiro,Brazil
Pestana Rio Atlantica,Very Good,8,"3,902",205,Standard Apartment,Rio de Janeiro,Brazil
Petit Rio Hotel,Very Good,8.3,"3,541",57,Standard Double Room,Rio de Janeiro,Brazil
Regency Park Hotel,Good,7.9,"2,624",104,Standard King Room,Rio de Janeiro,Brazil
Riale Imperial Flamengo,Very Good,8.4,"2,376",55,Superior Triple Room,Rio de Janeiro,Brazil
Riale Vilamar Copacabana,Excellent,8.7,"2,779",106,Superior Triple Room,Rio de Janeiro,Brazil
Rio Aeroporto Hotel Galeão,Good,7,"4,363",91,Deluxe Double Room,Rio de Janeiro,Brazil
Rio Othon Palace,Very Good,8,"11,245",182,Superior Lateral Mar,Rio de Janeiro,Brazil
Ritz Copacabana Hotel,Very Good,8.2,"1,782",178,Standard Double or Twin Room,Rio de Janeiro,Brazil
Ritz Leblon,Very Good,8.3,"1,194",213,Superior Double Room,Rio de Janeiro,Brazil
Royal Regency Palace Hotel,Very Good,8.2,"6,434",87,Standard Double Room,Rio de Janeiro,Brazil
Royal Rio Palace Hotel,Good,7.9,"11,864",151,Standard Double Room with Double Bed,Rio de Janeiro,Brazil
Santa Vista Rio,Excellent,8.6,950,112,Standard Double Suite,Rio de Janeiro,Brazil
Savoy Othon,Very Good,8,"4,546",109,Superior Room,Rio de Janeiro,Brazil
Scorial Rio Hotel,Wonderful,9.1,"3,918",71,Standard Double Room,Rio de Janeiro,Brazil
Sol Ipanema Hotel,Very Good,8.4,"1,700",318,Standard Room,Rio de Janeiro,Brazil
South American Copacabana Hotel,Very Good,8.4,"4,465",113,Standard Double Room,Rio de Janeiro,Brazil
Venit Barra Hotel,Excellent,8.9,"1,421",81,Standard King Room,Rio de Janeiro,Brazil
Vila Galé Rio de Janeiro,Excellent,8.7,"6,827",79,Apartment **,Rio de Janeiro,Brazil
Villa 25,Very Good,8.4,"3,862",53,Design Suite,Rio de Janeiro,Brazil
Vogue Square Fashion Hotel by Lenny Niemeyer,Very Good,8.2,"4,151",81,Deluxe Queen Room,Rio de Janeiro,Brazil
Windsor Asturias Hotel,Excellent,8.7,"2,205",82,Standard Double Room,Rio de Janeiro,Brazil
Windsor California Copacabana,Excellent,8.9,"4,356",236,Standard com Cama Casal,Rio de Janeiro,Brazil
Windsor Excelsior Copacabana,Very Good,8.3,"3,446",145,Standard Double Room - No View,Rio de Janeiro,Brazil
Windsor Florida Hotel,Excellent,8.7,"5,985",99,Standard Family Plan,Rio de Janeiro,Brazil
Windsor Guanabara Hotel,Excellent,8.6,"2,679",78,Standard Double Room with Double Bed,Rio de Janeiro,Brazil
Windsor Leme Hotel,Excellent,8.9,"3,108",141,Standard Double Room,Rio de Janeiro,Brazil
Windsor Marapendi Hotel,Excellent,8.9,"6,880",110,Standard Double Room,Rio de Janeiro,Brazil
Windsor Oceanico Hotel,Excellent,8.9,"6,679",89,Standard Double Room,Rio de Janeiro,Brazil
Windsor Palace Copacabana,Very Good,8.5,"2,545",123,Standard Double Room,Rio de Janeiro,Brazil
Windsor Plaza Copacabana,Very Good,8.1,"3,566",96,Standard Double Room with Double bed,Rio de Janeiro,Brazil
Windsor Tower Hotel,Excellent,8.9,"5,386",80,Standard Double Room,Rio de Janeiro,Brazil
"Yoo2 Rio de Janeiro, Tapestry Collection by Hilton",Very Good,8.3,955,210,Quarto Standard com Cama King,Rio de Janeiro,Brazil
Abode Bombay,Excellent,8.8,"1,573",56,Basic Double or Twin Room (Shared Toilet) - Non-smoking,Mumbai,India
Ajanta Continental-Mumbai Airport,Good,7.7,56,65,Deluxe Double Room,Mumbai,India
Ascot Hotel,Very Good,8.5,421,101,Superior Double Room,Mumbai,India
"Aurika, Mumbai International Airport",Very Good,8.5,651,103,Deluxe King Room ( Happy Hours 1 + 1 (On select Brands only). Timing : 1700hrs – 2000hrs),Mumbai,India
Bentleys Hotel,Good,7.9,383,43,AC Double Room with Attached Bathroom,Mumbai,India
Bloom Hotel - Juhu,Good,7.1,787,79,Standard Double Room,Mumbai,India
FabExpress Prakash Inn - Nr Mumbai International Airport,Very Good,8,745,44,Deluxe Room,Mumbai,India
Four Seasons Hotel Mumbai,Excellent,8.7,"1,037",,Superior King Room,Mumbai,India
Grand Hyatt Mumbai Hotel and Residences,Very Good,8,"1,733",,King Room - Club Access,Mumbai,India
"Hotel Auris & Banquets, Mumbai International Airport",Very Good,8.1,172,89,Double or Twin Room,Mumbai,India
Hotel Bawa International,Good,7.3,926,,Day Use Room for 5 hours between 12 pm to 5 pm (Same Day Check In and Check Out),Mumbai,India
Hotel Marine Plaza,Very Good,8.1,678,155,Standard Room 1 Double Bed,Mumbai,India
Hotel Metropole Inn,Review score,6.9,223,67,Deluxe Double Room,Mumbai,India
Hotel Nexus Inn - Near Nesco,Exceptional,9.7,3,25,Deluxe Double Room,Mumbai,India
Hotel Peninsula Redpine,Review score,6.9,77,,Executive Twin Room 10% discount on Food and Beverage,Mumbai,India
Hotel Sahara Star,Review score,6.8,"1,554",202,Mercury City View Room - King Bed (Non-Smoking),Mumbai,India
Hotel Suba Galaxy Mumbai,Very Good,8,681,71,Deluxe Double or Twin Room with 10% off on laundry and ala carte,Mumbai,India
Hotel Suba International Sahar Road Mumbai,Very Good,8.4,"1,189",77,Deluxe Room (10% discount on Laundry),Mumbai,India
Hyatt Centric Juhu Mumbai,Very Good,8.3,569,,Deluxe King Room,Mumbai,India
"ITC Grand Central, a Luxury Collection Hotel, Mumbai",Excellent,8.7,"1,452",,Executive Club,Mumbai,India
"ITC Maratha, a Luxury Collection Hotel, Mumbai",Very Good,8.3,"1,817",,Executive Club,Mumbai,India
"Le Sutra Hotel, Khar, Mumbai",Excellent,8.6,362,104,Standard Double Room,Mumbai,India
"Lemon Tree Premier, Mumbai International Airport",Very Good,8,611,97,Deluxe Room,Mumbai,India
Meluha - The Fern,Very Good,8.2,374,175,Winter Green Room,Mumbai,India
Niranta Transit Hotel Mumbai Airport - At Arrivals,Good,7.4,"1,826",90,Comfort Queen Double,Mumbai,India
Niranta Transit Hotel Terminal 2 Arrivals/Landside,Good,7.5,"4,736",99,Comfort Queen Room,Mumbai,India
Novotel Mumbai International Airport,Excellent,8.6,"1,719",,Standard King Bed with 20% discount on Spa and Food & Soft Beverage at Restaurants only and 10% on Laundry,Mumbai,India
Radisson Blu Mumbai International Airport,Excellent,8.8,"2,848",,Superior Double or Twin Room,Mumbai,India
Radisson Mumbai Andheri MIDC,Very Good,8.2,"1,556",124,Superior Room - 15% off on SPA,Mumbai,India
Regent Hotel Andheri,Very Good,8,281,55,Standard Room Queen Bed,Mumbai,India
Residency Hotel Fort,Very Good,8.5,"2,694",86,Standard Double Room,Mumbai,India
Rodas An Ecotel Hotel,Very Good,8.2,418,150,Deluxe Double Room,Mumbai,India
Royal Hometel Suites,Good,7.6,848,61,Superior Room Double Bed,Mumbai,India
"Sai Palace Grand, Malad",Good,7.4,86,66,Superior Double or Twin Room,Mumbai,India
Super Townhouse Bombay Exhibition Centre Goregaon,Review score,6.8,18,39,Classic Triple Room,Mumbai,India
Super Townhouse Khar The Unicontinental,Excellent,8.8,11,34,Classic Triple Room,Mumbai,India
Taj Lands End,Very Good,8.4,"3,135",,Deluxe Room King Bed,Mumbai,India
Taj Santacruz,Excellent,8.8,"2,609",,Luxury Room Facade View with Bathtub,Mumbai,India
"Taj The Trees, Mumbai",Wonderful,9.1,420,,Deluxe Room Twin Bed,Mumbai,India
"The Gordon House Hotel, Colaba",Good,7.9,687,148,Boutique Room with 15% off on food and soft beverage and Laundry,Mumbai,India
The Lalit Mumbai,Good,7.8,"1,010",133,Lalit Deluxe Room King Bed,Mumbai,India
The Leela Mumbai,Excellent,8.9,"3,943",,Premier City View Room with 1+1 Happy hours are from 5pm to 7pm at 6 degrees on selected brands,Mumbai,India
The Mirador Andheri East,Good,7.8,314,124,Mirable Room,Mumbai,India
The Oberoi Mumbai,Wonderful,9.2,"2,039",210,Luxury,Mumbai,India
"The Shalimar Hotel, Kemps Corner",Review score,6.9,306,123,Comfort Room,Mumbai,India
"The Taj Mahal Palace, Mumbai",Wonderful,9.1,"2,230",,Luxury Room Palace wing,Mumbai,India
"The Taj Mahal Tower, Mumbai",Wonderful,9.1,"5,319",,Superior Room City View King Bed,Mumbai,India
Theory9 Premium Service Apartments Khar,Very Good,8.3,177,75,Deluxe Double Room,Mumbai,India
Trident Bandra Kurla,Excellent,8.8,"3,535",194,Trident Preferred Room,Mumbai,India
Trident Nariman Point,Excellent,8.8,"4,585",173,Premier Double or Twin Room with City View,Mumbai,India
25hours Hotel Jakarta The Oddbird,Wonderful,9.2,49,,Medium Urban,Jakarta,Indonesia
AI Hotel Jakarta Thamrin,Good,7.4,173,50,Standard Queen Room,Jakarta,Indonesia
Alila SCBD Jakarta,Wonderful,9,42,,King Studio,Jakarta,Indonesia
Ana Hotel Jakarta,Good,7.2,52,48,Business Twin Room,Jakarta,Indonesia
ARTOTEL Casa Kuningan,Very Good,8.2,124,75,Studio 25,Jakarta,Indonesia
ARTOTEL Gelora Senayan Jakarta,Good,7.5,661,85,Deluxe King Room,Jakarta,Indonesia
Aryaduta Menteng,Very Good,8,554,52,Superior Room,Jakarta,Indonesia
Ascott Jakarta,Very Good,8.4,"2,183",,Premier Studio,Jakarta,Indonesia
Ascott Kuningan Jakarta,Excellent,8.7,477,,Deluxe One-Bedroom Apartment,Jakarta,Indonesia
Ashley Sabang Jakarta,Very Good,8.3,911,61,Superior King Room,Jakarta,Indonesia
Ashley Tanah Abang,Very Good,8.5,"3,216",73,Superior Double Room,Jakarta,Indonesia
Ashley Tang Menteng Jakarta,Excellent,8.7,"1,102",71,Superior Queen Room,Jakarta,Indonesia
Ashley Wahid Hasyim Jakarta,Very Good,8.5,"2,134",59,Superior Queen Room,Jakarta,Indonesia
Aston Kartika Grogol Hotel & Conference Center,Good,7.8,245,,Studio Style King,Jakarta,Indonesia
Aston Kemayoran City Hotel,Very Good,8,372,47,Deluxe Double Room,Jakarta,Indonesia
Aston Priority Simatupang Hotel and Conference Center,Good,7.9,225,,Deluxe Queen Room,Jakarta,Indonesia
Asyana Kemayoran Jakarta,Good,7.7,75,,Standard Twin Room,Jakarta,Indonesia
Best Western Senayan,Good,7.1,165,44,Standard Double Room - No Window,Jakarta,Indonesia
Citadines Sudirman Jakarta,Excellent,8.7,991,,Executive Studio,Jakarta,Indonesia
DoubleTree by Hilton Jakarta - Diponegoro,Excellent,8.6,"1,300",,King Room,Jakarta,Indonesia
Fairmont Jakarta,Excellent,8.9,516,,Fairmont Double Room - Non-Smoking,Jakarta,Indonesia
Flamenco Urban Living,Review score,6.9,158,18,Smart Double Room,Jakarta,Indonesia
Four Seasons Hotel Jakarta,Wonderful,9.3,519,,Premier King Suite,Jakarta,Indonesia
Golden Boutique Hotel Melawai,Good,7.3,87,46,Deluxe Double Room - No Window,Jakarta,Indonesia
Grand Hyatt Jakarta,Wonderful,9.1,500,,King Room with City View,Jakarta,Indonesia
Grand Sahid Jaya CBD,Review score,6.8,202,77,Deluxe King Room,Jakarta,Indonesia
Grand Whiz Poins Simatupang Jakarta,Good,7.8,320,36,Superior Double Room,Jakarta,Indonesia
HABITARE Rasuna Jakarta,Good,7.9,93,62,Studio Apartment,Jakarta,Indonesia
Harper MT Haryono by ASTON,Good,7.7,180,39,Superior Double Room,Jakarta,Indonesia
Harris Suites Puri Mansion,Very Good,8.2,286,48,Double or Twin Room,Jakarta,Indonesia
Hilton Garden Inn Jakarta Taman Palem,Excellent,8.6,"1,301",,Twin Room,Jakarta,Indonesia
Holiday Inn & Suites Jakarta Gajah Mada by IHG,Excellent,8.9,"1,134",,Standard King Room with City View,Jakarta,Indonesia
Holiday Inn Express Jakarta Pluit Citygate by IHG,Good,7.6,565,,Standard Queen Room - Disability Access,Jakarta,Indonesia
Hotel Gran Mahakam,Excellent,8.8,294,,Deluxe Double Room,Jakarta,Indonesia
Hotel Indonesia Kempinski Jakarta,Wonderful,9,878,,Deluxe King,Jakarta,Indonesia
Hotel KIMAYA Slipi Jakarta By HARRIS,Good,7.5,167,,Deluxe Double or Twin Room,Jakarta,Indonesia
Hotel Neo+ Kebayoran Jakarta,Good,7,61,,Standard Double or Twin Room,Jakarta,Indonesia
Hotel Santika Premiere Slipi Jakarta,Good,7.9,265,68,Deluxe Queen Room,Jakarta,Indonesia
InterContinental Hotels Jakarta Pondok Indah by IHG,Wonderful,9.2,432,,Classic King Room,Jakarta,Indonesia
Le Meridien Jakarta,Very Good,8.4,196,,"Deluxe, Guest room, 1 King",Jakarta,Indonesia
Maia Hotel Jakarta,Good,7.8,411,67,Superior Twin Room,Jakarta,Indonesia
Mangkuluhur Residences by Lorin,Wonderful,9,18,127,Residences Business King,Jakarta,Indonesia
Manhattan Hotel Jakarta,Good,7.6,214,98,Executive King Room,Jakarta,Indonesia
Menteng Park Exclusive Emerald,Good,7.3,247,72,Superior Apartment,Jakarta,Indonesia
Mercure Jakarta Batavia,Very Good,8.3,"1,705",,Classic Double Room - Inland Side,Jakarta,Indonesia
Mercure Jakarta Pantai Indah Kapuk,Good,7.8,482,,Superior King Room,Jakarta,Indonesia
Mercure Jakarta Sabang,Very Good,8.4,706,,Superior Double Room,Jakarta,Indonesia
Mk House Scbd,Good,7.5,42,19,Double Room,Jakarta,Indonesia
Mövenpick Hotel Jakarta City Centre,Wonderful,9,245,,Classic Twin Room,Jakarta,Indonesia
Nostoi,Good,7.6,66,35,Standard Studio,Jakarta,Indonesia
Novotel Jakarta Gajah Mada,Good,7.2,256,,Superior Double Room,Jakarta,Indonesia
Oria Hotel Jakarta,Good,7.2,232,51,Superior Double Room,Jakarta,Indonesia
Park 5 Cilandak,Very Good,8.1,92,40,Standard Double Room,Jakarta,Indonesia
Park Hyatt Jakarta,Exceptional,9.6,240,,King Room,Jakarta,Indonesia
PARKROYAL Serviced Suites Jakarta,Wonderful,9,202,118,Studio Suite,Jakarta,Indonesia
Pullman Jakarta Central Park,Very Good,8.5,888,,Deluxe Double Room,Jakarta,Indonesia
Raffles Jakarta,Wonderful,9.3,365,,Raffles Twin Room,Jakarta,Indonesia
RedDoorz Plus near Dunia Fantasi Ancol,Review score,6.9,119,14,Double Room,Jakarta,Indonesia
S7 SUITES GANDARIA,Review score,6.2,68,55,Superior Double Room,Jakarta,Indonesia
"Sari Pacific Jakarta, Autograph Collection",Very Good,8.2,305,,Grand Deluxe King Room with City View,Jakarta,Indonesia
Somerset Kencana Jakarta,Wonderful,9.2,21,,One-Bedroom Executive,Jakarta,Indonesia
Stanley Wahid Hasyim Jakarta,Very Good,8.4,"1,654",44,Superior Queen Room,Jakarta,Indonesia
Sudirman Suites,Review score,6.4,13,,Two-Bedroom Apartment,Jakarta,Indonesia
Sutasoma Hotel,Excellent,8.7,266,82,Deluxe King Room,Jakarta,Indonesia
Swiss-Belhotel Pondok Indah,Good,7.9,333,,Deluxe Double Room,Jakarta,Indonesia
The Dharmawangsa Jakarta,Wonderful,9.2,337,284,Executive Double or Twin Room,Jakarta,Indonesia
The Grand Mansion Menteng by The Crest Collection,Exceptional,9.5,10,194,1-Bedroom Burgraaf,Jakarta,Indonesia
The Gunawarman,Very Good,8.1,72,,Mansard Double Room,Jakarta,Indonesia
"The Hermitage, A Tribute Portfolio Hotel, Jakarta",Excellent,8.9,259,,Deluxe Double Room,Jakarta,Indonesia
"The Orient Jakarta, a Royal Hideaway Hotel",Wonderful,9.1,532,132,Superior Room - King or Twin Bed,Jakarta,Indonesia
The Westin Jakarta,Excellent,8.9,127,,"Westin King, Guest room, 1 King",Jakarta,Indonesia
Vasaka Hotel Jakarta Managed by Dafam,Good,7.9,95,37,Deluxe Twin Room,Jakarta,Indonesia
Veranda Serviced Residence Puri,Very Good,8,148,,Deluxe Twin Room,Jakarta,Indonesia
Vertu Harmoni Jakarta,Excellent,8.7,278,58,V Room,Jakarta,Indonesia
Wyndham Casablanca Jakarta,Very Good,8.2,"1,856",,Deluxe Urban King Room - Smoking,Jakarta,Indonesia
@Sandton Hotel,Very Good,8.5,"6,835",83,Standard King Room,Johannesburg,South Africa
"54 on Bath, Johannesburg Rosebank",Excellent,8.9,640,190,Deluxe Room King Bed,Johannesburg,South Africa
Amberhall Guesthouse,Wonderful,9.3,358,92,Twin Room,Johannesburg,South Africa
BlackBrick Bedfordview ApartHotel,Excellent,8.7,662,48,Studio with Garden View,Johannesburg,South Africa
BlackBrick Sandton Two,Very Good,8.1,"4,565",58,Superior Studio,Johannesburg,South Africa
City Lodge Hotel Bryanston,Very Good,8,575,,Double Room - Disability Access,Johannesburg,South Africa
City Lodge Hotel Eastgate,Very Good,8.4,236,,Studio,Johannesburg,South Africa
City Lodge Hotel Fourways,Very Good,8.2,"1,311",,Double Room - Smoking,Johannesburg,South Africa
"City Lodge Hotel Sandton, Morningside",Very Good,8.4,951,,Double Room - Non-Smoking,Johannesburg,South Africa
Eagles Nest Lodge,Very Good,8.2,105,72,Double Room with Private Bathroom,Johannesburg,South Africa
Garden Court Sandton City,Very Good,8.2,"8,451",,Standard Queen Room - Non Smoking,Johannesburg,South Africa
Hoeveld House,Excellent,8.7,565,166,Junior Suite,Johannesburg,South Africa
Holiday Inn Johannesburg-Rosebank by IHG,Very Good,8.3,"1,199",,Standard Queen Room - Smoking,Johannesburg,South Africa
Home Suite Hotels Rosebank,Wonderful,9.3,"1,674",81,The Home Standard,Johannesburg,South Africa
"Indaba Hotel, Spa & Conference Center",Good,7.8,"1,638",61,Standard Double Room,Johannesburg,South Africa
Leighwood Lodge,Exceptional,9.5,216,88,Standard Double Room,Johannesburg,South Africa
MINT Express Sandton View,Good,7.3,"4,207",35,One-Bedroom Standard Apartment,Johannesburg,South Africa
Nine Loch Guesthouse,Exceptional,9.5,71,54,Superior Queen Room,Johannesburg,South Africa
ONOMO Hotel Johannesburg Sandton,Good,7.8,"1,390",,Standard Queen Room,Johannesburg,South Africa
Oxford Healthcare Retreat,Exceptional,9.6,30,218,Deluxe Room,Johannesburg,South Africa
Palmar Hotel,Good,7.8,291,26,One-Bedroom Apartment,Johannesburg,South Africa
Q on First B&B,Wonderful,9.2,54,79,Deluxe Double Room with Shower,Johannesburg,South Africa
Radisson Hotel and Convention Centre OR Tambo Airport,Very Good,8.3,"2,544",,Standard Room - Boutique Building,Johannesburg,South Africa
Radisson RED Hotel Johannesburg Rosebank,Very Good,8.2,"1,465",159,Standard Room,Johannesburg,South Africa
Road Lodge JNB Airport,Review score,6.9,579,,Standard Double Room,Johannesburg,South Africa
Road Lodge Randburg,Good,7,"1,045",,Standard Double Room,Johannesburg,South Africa
Road Lodge Rivonia,Good,7.5,563,,Small Double Room,Johannesburg,South Africa
Road Lodge Sandton,Very Good,8,"3,079",,Double Room - Non-Smoking,Johannesburg,South Africa
Sandton Penthouse,Excellent,8.8,115,245,Apartment,Johannesburg,South Africa
Sandton Slippers,Exceptional,9.6,166,67,Queen Room,Johannesburg,South Africa
Sandton Spring Rivonia,Wonderful,9.1,57,47,Standard Double Room,Johannesburg,South Africa
Sandton Sun and Towers,Excellent,8.8,"3,518",195,Sandton Sun Superior King Room,Johannesburg,South Africa
Shepherd Lodge,Wonderful,9,135,74,Double Room,Johannesburg,South Africa
Southern Sun Hyde Park Sandton,Very Good,8.4,"1,067",86,Standard Premium Room 1 King Bed Non Smoking,Johannesburg,South Africa
"Southern Sun Rosebank, Johannesburg",Very Good,8.2,"3,111",87,Standard King Non Smoking,Johannesburg,South Africa
Studio Stay on Sixty6,Exceptional,9.6,19,87,One-Bedroom Standard Apartment,Johannesburg,South Africa
The Capital Empire,Excellent,8.8,741,124,Standard Room,Johannesburg,South Africa
The Capital Melrose,Very Good,8.4,"1,172",111,Standard Double Room,Johannesburg,South Africa
The Capital on Bath,Very Good,8.1,683,82,Standard Double Room,Johannesburg,South Africa
The Capital on the Park,Excellent,8.6,686,101,Standard Double or Twin Room,Johannesburg,South Africa
The Catalyst Apartment Hotel by NEWMARK,Excellent,8.6,"6,164",77,Deluxe Room,Johannesburg,South Africa
The Great Gatsby Houghton,Exceptional,9.5,626,57,Deluxe Room,Johannesburg,South Africa
"The Houghton Hotel, Spa, Wellness & Golf",Wonderful,9,"2,191",184,Studio Apartment,Johannesburg,South Africa
The Leonardo,Excellent,8.9,355,266,One-Bedroom Apartment,Johannesburg,South Africa
The Michelangelo Towers,Very Good,8.1,274,305,One-Bedroom Luxury Suite,Johannesburg,South Africa
The Monarch Hotel,Wonderful,9.3,93,253,Deluxe Family Room,Johannesburg,South Africa
The Park Central Residence - WITH GENERATOR,Very Good,8.3,"1,995",48,Standard Apartment,Johannesburg,South Africa
The Parkwood,Wonderful,9.4,232,173,Standard Double Room,Johannesburg,South Africa
The Residence,Wonderful,9.3,280,323,Luxury Room,Johannesburg,South Africa
The Syrene Boutique Hotel,Very Good,8.4,17,189,Deluxe Suite,Johannesburg,South Africa
67 Airport Hotel Nairobi,Good,7.9,"1,071",80,Deluxe Double Room,Nairobi,Kenya
ACK Guest House Nairobi,Good,7.9,150,47,Standard Double Room,Nairobi,Kenya
Airport Landing Hotel,Good,7.3,424,,Deluxe Queen Room,Nairobi,Kenya
Bella Vista at Enzi Heights along Mombasa Rd next to Nextgen close to JKIA,Wonderful,9,32,45,One-Bedroom Apartment,Nairobi,Kenya
Best Western Nairobi Upper Hill,Very Good,8.4,274,112,Standard King Room,Nairobi,Kenya
Best Western Plus Westlands,Excellent,8.6,"1,075",158,Superior King Room,Nairobi,Kenya
Bidwood Suite Hotel,Very Good,8.2,181,170,1 Bedroom King Suite,Nairobi,Kenya
Boma Inn Nairobi,Good,7.7,463,66,Standard King Room,Nairobi,Kenya
Broadwalk Residency,Wonderful,9.1,260,129,Studio with Balcony,Nairobi,Kenya
CalmCacoon Apartment,Wonderful,9.1,8,41,One-Bedroom Apartment,Nairobi,Kenya
Capital Heights Hotel,Review score,6.9,420,35,Deluxe Double Room,Nairobi,Kenya
Cloud Hotel & Suites,Good,7.2,699,81,Standard Double Room,Nairobi,Kenya
Crowne Plaza Nairobi Airport by IHG,Excellent,8.9,"2,061",,Standard King Room,Nairobi,Kenya
Dusit Princess Hotel Residences Nairobi,Wonderful,9,84,180,Deluxe Room,Nairobi,Kenya
Eastland Hotel,Good,7.4,20,69,Standard Double or Twin Room,Nairobi,Kenya
Easy Hotel Kenya,Good,7.5,413,55,Standard Double Room,Nairobi,Kenya
Eka Hotel Nairobi,Good,7.9,476,139,Superior Double or Twin Room,Nairobi,Kenya
Elysian Resort,Very Good,8,134,89,Standard Double Room,Nairobi,Kenya
"Enzi Heights Apartments - Cozy 1 bedroom near Eka Hotel, Pool, Gym, Lift",Exceptional,9.5,24,47,One-Bedroom Apartment,Nairobi,Kenya
Esterina Suites,Excellent,8.6,60,45,One-Bedroom Apartment,Nairobi,Kenya
Executive Residency by Best Western Nairobi,Wonderful,9.1,207,133,One-Bedroom Apartment,Nairobi,Kenya
Fair Acres Boutique Hotel Karen,Very Good,8,47,167,Deluxe Double Room,Nairobi,Kenya
Fairmont The Norfolk,Very Good,8.5,260,,Fairmont Queen Room,Nairobi,Kenya
Fairview Hotel Nairobi,Excellent,8.7,351,,Standard King Room,Nairobi,Kenya
Fedha Residences by Trianum,Good,7.9,69,78,Executive Two-Bedroom Apartment,Nairobi,Kenya
Four Points by Sheraton Nairobi Airport,Very Good,8.5,"1,211",,"Traditional King, Guest room, 1 King",Nairobi,Kenya
Golden Tulip Westlands Nairobi,Good,7.7,590,153,Standard Room – Commercial View,Nairobi,Kenya
Hennessis Hotel,Good,7.2,49,61,Superior Double Room,Nairobi,Kenya
Hilton Garden Inn Nairobi Airport,Very Good,8.5,"1,047",,King Room - Mobility Accessible,Nairobi,Kenya
Hob House,Exceptional,9.6,78,123,Standard Twin Room,Nairobi,Kenya
"Hotel Boulevard Nairobi, City Centre CBD",Very Good,8,927,67,Classic Double Room,Nairobi,Kenya
Hotel Rudi,Very Good,8.2,42,132,Deluxe Twin Room,Nairobi,Kenya
JKIA Apartments by Away Homes Rentals LTD,Wonderful,9,4,28,Deluxe Studio,Nairobi,Kenya
Kozi Suites Nairobi Airport,Very Good,8.1,"4,202",43,Deluxe Studio,Nairobi,Kenya
"Kwetu Nairobi, Curio Collection By Hilton",Excellent,8.9,33,,King Room,Nairobi,Kenya
Lantern Serviced Apartments,Very Good,8.1,254,40,Studio,Nairobi,Kenya
Lenana Suites,Wonderful,9.4,25,95,One-Bedroom Apartment,Nairobi,Kenya
"Lotos Inn & Suites, Nairobi",Very Good,8.2,"1,665",81,Standard Suite,Nairobi,Kenya
Margarita House,Excellent,8.7,229,108,Standard Double or Twin Room,Nairobi,Kenya
Masai Lodge,Very Good,8,276,146,Chalet,Nairobi,Kenya
Maxland Hotel,Good,7.4,41,69,Double Room,Nairobi,Kenya
Muthu Silver Springs Hotel,Good,7.4,53,125,Standard Double Room,Nairobi,Kenya
Nairobi Safari Club by Swiss-Belhotel,Good,7.4,235,101,Suite with Balcony,Nairobi,Kenya
Nairobi Serena Hotel,Excellent,8.9,413,212,Deluxe Queen Room,Nairobi,Kenya
Njema Court Apartment,Very Good,8.5,25,58,Studio Apartment,Nairobi,Kenya
Novotel Nairobi Westlands,Excellent,8.9,47,,Superior King Room,Nairobi,Kenya
Okash City Boutique Hotel,Excellent,8.8,75,126,Superior Double Room,Nairobi,Kenya
Ole Sereni,Very Good,8,"1,128",,Cozy Room,Nairobi,Kenya
Palacina The Residence & The Suites,Wonderful,9,289,208,Studio Kitchenette,Nairobi,Kenya
Pan Pacific Serviced Suites Nairobi,Excellent,8.7,226,225,One Bedroom Suite King,Nairobi,Kenya
PrideInn Azure Hotel Nairobi Westlands,Very Good,8,482,136,Standard King Room,Nairobi,Kenya
PrideInn Plaza Nairobi Airport,Very Good,8.2,302,112,Superior King Room,Nairobi,Kenya
Progressive Park Hotel,Very Good,8.1,144,72,DOUBLE/TWIN ROOM WITH FAN,Nairobi,Kenya
Razana Hotel,Excellent,8.6,333,61,Standard Twin Room,Nairobi,Kenya
Royal Tulip Canaan Nairobi,Good,7.7,278,153,Standard Queen Room,Nairobi,Kenya
Saab Royale Hotel,Very Good,8,137,55,Double Room,Nairobi,Kenya
Safari Park Hotel,Good,7.4,175,234,Junior Suite with Balcony,Nairobi,Kenya
Salmiya Place,Excellent,8.9,61,45,Double Room,Nairobi,Kenya
Sky Hotel Nairobi,Good,7.7,57,41,Standard Double Room,Nairobi,Kenya
Soluxe Club International Hotel,Good,7.3,46,44,Deluxe Double Room,Nairobi,Kenya
Sportsview Hotel Kasarani,Very Good,8,85,66,Standard Double Room,Nairobi,Kenya
"The Coffee Residences Premier, near JKI Airport 3 Bedroom",Excellent,8.6,7,71,Two-Bedroom Apartment,Nairobi,Kenya
The Concord Hotel & Suites,Good,7.8,"1,248",110,Superior Room,Nairobi,Kenya
The Grand Gables,Review score,6.2,186,69,One-Bedroom Apartment,Nairobi,Kenya
The Heron By Sarovar Portico India,Good,7.7,355,80,"Superior Room 2 Single Beds, 24Sqm, Air Conditionned, Room Service, Tea And Coffee, Flat Screen Tv",Nairobi,Kenya
The Ivory Hotel,Good,7.9,85,68,Superior Double Room,Nairobi,Kenya
"The Landmark Suites Westlands, Nairobi- Next to Westgate Mall",Good,7.4,147,85,Standard Double Room,Nairobi,Kenya
The Panari Hotel - Near Jomo Kenyatta International Airport,Good,7.8,672,90,Superior Room with Skyline View,Nairobi,Kenya
"The Social House Nairobi, a Preferred Lifestyle Hotel",Excellent,8.8,363,203,Standard Double Room,Nairobi,Kenya
The Zehneria By Sarovar Portico India,Good,7.8,457,54,Superior 01 Double Room,Nairobi,Kenya
"Tribe Hotel, Nairobi, a Member of Design Hotels",Excellent,8.9,189,302,Superior King Room,Nairobi,Kenya
Ulwazi Place Hotel by Trianum,Good,7.6,93,77,Standard Double Room,Nairobi,Kenya
Villa Rosa Kempinski,Excellent,8.9,646,250,Superior King Room,Nairobi,Kenya
Weston Hotel,Good,7.9,251,143,Superior Queen Room,Nairobi,Kenya
Wildebeest Eco Camp,Very Good,8.5,617,96,Double or Twin Tent,Nairobi,Kenya
Aloft Dubai Airport,Very Good,8.4,"5,152",,Aloft King Room - Complimentary DXB Airport Shuttle Drop Off,Dubai,UAE
Atana Hotel,Very Good,8.5,"30,352",99,Standard Twin Room,Dubai,UAE
Canal Central Hotel Business Bay,Excellent,8.6,"8,395",103,Superior Room City View with free access to Hotel's private beach at Palm - Jumeirah,Dubai,UAE
Copthorne Hotel Dubai,Very Good,8.4,"4,326",68,Superior Twin Room with City View,Dubai,UAE
DAMAC Maison Aykon City Dubai,Wonderful,9.1,"4,607",122,Studio City View With kitchenette - Free Bus service to Dubai Mall Metro Station,Dubai,UAE
DAMAC Maison Cour Jardin,Wonderful,9,"1,926",102,Deluxe Room with kitchenette - City Skyline View,Dubai,UAE
Days Hotel By Wyndham Dubai Deira,Very Good,8.1,"5,990",63,"Superior Queen Room with City View - Complimentary Shuttle to Kite Beach, Dubai Mall / Burj Khalifa, 25% off F&B",Dubai,UAE
Dusit Thani Dubai,Very Good,8.5,"7,440",84,Deluxe Room,Dubai,UAE
Flora Al Barsha Hotel At The Mall,Very Good,8.3,"8,136",73,Classic King/ Twin Room - Complimentary Transfer To Beach,Dubai,UAE
Flora Inn Hotel Dubai Airport,Very Good,8.1,"13,395",64,Superior Room - Complimentary Transfer to the Beach,Dubai,UAE
GLOBALSTAY J One Tower Apartments at Pearl of UAE,Good,7.8,177,125,Studio,Dubai,UAE
Grand Hyatt Dubai,Excellent,8.7,"6,200",135,King Room,Dubai,UAE
Grand Mercure Dubai City,Very Good,8.3,"7,069",,"Deluxe Twin Room - DXB Free Airport Drop-Off T1&T3 every hour (24/7), Free Shuttle Service to Dubai Mall - Burj Khalifa & La Mer Beach",Dubai,UAE
Grand Millennium Dubai,Wonderful,9.1,"3,063",101,Superior Twin Room,Dubai,UAE
Gulf Court Hotel Business Bay,Very Good,8.1,"5,348",64,Superior Room,Dubai,UAE
Holiday Inn Express Dubai Airport by IHG,Very Good,8.1,"21,895",66,Standard King Room - Smoking,Dubai,UAE
Hyatt Place Dubai Wasl District,Very Good,8.3,"5,010",74,King Room with Sofa Bed,Dubai,UAE
Hyatt Regency Dubai - Corniche,Very Good,8,"6,224",95,King Room with Sea View,Dubai,UAE
Hyatt Regency Dubai Creek Heights,Excellent,8.8,"8,282",142,King Room,Dubai,UAE
ibis Styles Dubai Airport Hotel,Good,7.7,"13,805",,King Room - DXB Free Airport Drop-Off T1&T3 every hour (24/7),Dubai,UAE
Ink Hotel,Very Good,8.1,"4,317",93,Standard City View,Dubai,UAE
IntercityHotel Dubai Jaddaf Waterfront,Very Good,8,"5,886",58,Superior King Room (Includes 15% Off F&B and Shuttle Service to Festival City Mall),Dubai,UAE
Le Méridien Dubai Hotel & Conference Centre,Excellent,8.7,"7,073",,"Deluxe Room, Guest Room, 1 Queen Bed, Garden View - Complimentary DXB Airport Shuttle Drop Off",Dubai,UAE
"Leva Hotel and Suites, Opposite Downtown",Excellent,8.8,"8,249",76,Deluxe Twin Atrium View,Dubai,UAE
Majestic Cove Hotel - Formerly Le Méridien Fairway,Excellent,8.8,95,50,Deluxe King Room,Dubai,UAE
Media One Hotel,Excellent,8.7,"3,485",109,Standard Double Room,Dubai,UAE
Millennium Airport Hotel Dubai,Very Good,8.3,"10,138",56,"Deluxe King Room, complimentary shuttle to DXB Airport Terminal 1 & 3",Dubai,UAE
Millennium Central Downtown,Good,7.6,"5,251",66,Standard Twin Room,Dubai,UAE
Millennium Place Dubai Marina,Excellent,8.8,"7,494",123,Superior King Room,Dubai,UAE
Mövenpick Grand Al Bustan,Very Good,8.3,"3,833",54,"Classic King Room, 20% off on F&B, Complimentary shuttle to Dubai Festival City Mall",Dubai,UAE
Oaks Ibn Battuta Gate Dubai,Wonderful,9.1,"2,822",86,Premier Room With Free Shuttle Bus to Public Beach,Dubai,UAE
Park Regis Business Bay,Very Good,8.5,"4,381",75,"Standard Room, 20% off food and beverage, excluding signature dishes, 20% off Laundry and 10% off Spa",Dubai,UAE
Premier Inn Dubai Ibn Battuta Mall,Very Good,8.4,"10,552",,Standard Double Smoking,Dubai,UAE
Premier Inn Dubai International Airport,Very Good,8.5,"22,344",,New Style Double Room -Non Smoking- Free DXB Airport Shuttle Every 30min to T1&3,Dubai,UAE
Pullman Dubai Jumeirah Lakes Towers,Very Good,8.1,902,,Superior King Room,Dubai,UAE
"Radisson Blu Hotel, Dubai Deira Creek",Very Good,8.4,"7,279",104,"Standard Room with Balcony and Creek View - includes Complimentary Shuttle to Kite Beach, Dubai Mall / Burj Khalifa",Dubai,UAE
Raffles Dubai,Wonderful,9.2,"2,224",172,Signature Twin Room with Terrace,Dubai,UAE
Ramada by Wyndham Downtown Dubai,Excellent,8.7,"9,771",154,"1 Bedroom, Balcony King, Downtown View, Smoking, Complimentary Transfer to Kite Beach, Dubai Mall and Metro Station",Dubai,UAE
Riviera Hotel,Very Good,8.5,"1,393",56,Standard Twin bed- Souk View with Balcony- Free Beach Transfer,Dubai,UAE
Sofitel Dubai The Obelisk,Wonderful,9.2,"5,716",129,Deluxe Room,Dubai,UAE
Sonder Downtown Towers,Very Good,8.5,"5,620",175,Two-Bedroom Apartment with City View,Dubai,UAE
Studio One Hotel,Very Good,8.4,"2,862",67,Standard Double Room,Dubai,UAE
Sunday Hotel Holiday international Dubai,Excellent,8.7,"4,086",44,Deluxe Double Room,Dubai,UAE
Super 8 by Wyndham Dubai Deira,Very Good,8,"2,779",54,Superior Queen Room with Souq View,Dubai,UAE
Swissôtel Al Ghurair Dubai - Deira & Creek,Very Good,8.3,"7,615",,Classic King Room,Dubai,UAE
Taj Dubai,Wonderful,9,"5,183",184,Luxury King Room with City View,Dubai,UAE
The Meydan Hotel Dubai,Wonderful,9.1,"9,079",117,Grand Superior Balcony King,Dubai,UAE
"TIME Grand Plaza Hotel, Dubai Airport",Very Good,8.3,"3,253",43,Deluxe Twin Room,Dubai,UAE
TIME Oak Hotel & Suites,Excellent,8.6,"2,012",79,Deluxe King Room,Dubai,UAE
Wyndham Dubai Deira,Very Good,8.4,"10,395",97,"Superior King Room with City View, Complimentary Shuttle to Kite Beach, Dubai Mall / Burj Khalifa, 25% off F&B and Spa",Dubai,UAE
54 Queen's Gate Hotel,Excellent,8.7,"2,733",255,Double Room,London,England
55 by Le Mirage,Very Good,8.4,"2,882",152,Standard Double Room,London,England
AMANO Covent Garden,Very Good,8.3,"7,075",312,Comfy room,London,England
Apex Temple Court Hotel,Wonderful,9,"3,848",328,City King Room,London,England
B&B Belgravia,Good,7.8,"2,574",182,Family Room (2 Adults + 1 Child),London,England
Best Western Buckingham Palace Rd,Very Good,8,"2,237",169,Standard Double Room,London,England
Best Western Corona Hotel,Good,7.5,"3,012",214,Standard Double Room,London,England
Blakemore Hyde Park,Very Good,8.5,"12,279",193,Club Double Room,London,England
Byron Hotel,Very Good,8.2,"4,426",155,Standard Double Room,London,England
citizenM Southwark Bankside,Excellent,8.7,"3,962",,King Room,London,England
Euro Hotel,Very Good,8.1,"3,919",206,En Suite Twin Room,London,England
Fielding Hotel,Very Good,8.2,"4,019",230,Double or Twin Room,London,England
Grand Royale Hyde Park,Good,7.2,"9,971",156,Deluxe Double Room,London,England
Hotel Indigo London - Kensington by IHG,Very Good,8.2,"1,651",,Standard Room,London,England
Howard Winchester Hotel,Very Good,8,"4,431",152,Twin Room,London,England
"Hux Hotel, Kensington",Very Good,8.5,"1,312",219,Signature Double Room,London,England
Hyde Park International,Very Good,8.2,"2,605",162,Small Double Room,London,England
ibis London Blackfriars,Very Good,8.1,"6,655",,Standard Double Room,London,England
ibis Styles London Southwark - near Borough Market,Excellent,8.6,"4,295",,Standard Queen Room,London,England
Irving Street 4th Floor Studios,Very Good,8.3,3,224,Studio,London,England
La Suite West - Hyde Park,Very Good,8,"2,493",171,Petite Double Room,London,England
Lancaster Gate Hotel,Good,7.5,"13,872",,Double Room,London,England
Leonardo Royal Hotel London City - Tower of London,Excellent,8.7,"9,904",311,Superior King Room,London,England
London Court Hotel,Very Good,8,"1,725",131,"Classic Twin Room, with en suite",London,England
Luna And Simone Hotel,Excellent,8.6,"3,733",269,Double Room,London,England
Maldron Hotel Shoreditch London,Very Good,8.5,672,311,Deluxe Cozy Double,London,England
Marlin Waterloo,Very Good,8.4,"11,192",199,"Classic Room, 1 King Bed",London,England
Megaro Hotel,Very Good,8.5,"2,673",351,Standard Double Room,London,England
Merit Kensington Hotel,Good,7.9,"6,472",171,Double Room,London,England
"Page8, Page Hotels",Wonderful,9.1,"4,576",369,Double Room,London,England
Park Avenue J Hotel London Hyde Park,Good,7.9,"1,797",167,Deluxe Double Room,London,England
Park Grand Paddington Court,Good,7.2,"8,811",156,Deluxe Double Room,London,England
Park International Hotel,Good,7.6,"6,423",154,Double Room,London,England
Park Plaza County Hall London,Excellent,8.6,"11,614",260,Superior Double Room,London,England
Park Plaza London Riverbank,Very Good,8.2,"13,918",209,Superior Double Room,London,England
Park Plaza Victoria London,Very Good,8.4,"6,845",260,Superior Double Room,London,England
Pestana Chelsea Bridge Hotel & SPA,Very Good,8.3,"5,437",200,Deluxe King Room,London,England
Point A Hotel London Kings Cross – St Pancras,Good,7.9,"5,346",170,Double Room - No Window,London,England
Point A Hotel London Paddington,Very Good,8,"6,579",175,Double Room - No Window,London,England
Point A Hotel London Shoreditch,Good,7.6,"6,402",136,Double Room - No Window,London,England
"Radisson Blu Hotel, London Bond Street",Good,7.4,"4,549",367,Standard Double/Twin Room,London,England
"Radisson Blu Hotel, London Euston Square - formerly Grafton",Good,7.9,"9,862",270,Standard Double or Twin Room,London,England
Riu Plaza London Victoria,Very Good,8.5,"10,170",245,Deluxe - No Window,London,England
Rove Hotel London Paddington,Good,7.4,"3,128",135,Standard Double Lower Level,London,England
Sea Containers London,Excellent,8.8,"8,753",369,Superior,London,England
Sidney Hotel London-Victoria,Very Good,8.1,"12,534",135,Double Room,London,England
Signature Townhouse London Hyde Park,Review score,6.9,"4,463",160,Superior Double Room,London,England
Sloane Square Hotel,Very Good,8,"1,972",312,Small Double Room,London,England
Sonder The Voyage,Good,7.8,847,137,Small Double Room,London,England
"Studio Apartment, Covent Garden",Very Good,8,498,178,Standard Apartment,London,England
The Belgrave Hotel,Very Good,8.5,"5,679",173,Standard Double Room,London,England
The Cavendish London,Very Good,8.2,"3,632",432,Classic Double Room,London,England
The Clerk & Well Pub and Rooms,Excellent,8.8,750,295,Double Room,London,England
"The Clermont London, Charing Cross",Excellent,8.7,"3,633",386,Deluxe Double Room,London,England
"The Clermont London, Victoria",Very Good,8.5,"7,144",348,Classic Double Room,London,England
"The Cumberland, London",Very Good,8,"8,278",203,Classic Double,London,England
The Exhibitionist Hotel,Very Good,8.5,"3,841",283,Deluxe Double Room,London,England
The Gore London - Starhotels Collezione,Very Good,8.3,"2,138",259,Cozy Double Room,London,England
"The Hoxton, Southwark",Excellent,8.8,"2,206",396,Shoebox,London,England
The Kings Arms Pub & Boutique Rooms,Wonderful,9.1,"1,228",270,Double Room - Boutique Cozy,London,England
The Other House South Kensington,Excellent,8.8,"5,211",281,King Bedroom,London,England
The Pelham London - Starhotels Collezione,Very Good,8.3,957,295,Superior Double Room,London,England
The Portico Hotel,Good,7.7,"5,897",157,Deluxe Double Room,London,England
The Prime London Hotel,Very Good,8.1,"1,876",142,Basement Small Double Room,London,England
The Queens Gate Hotel,Excellent,8.7,"2,854",250,Deluxe Queen Room,London,England
"The Royal Horseguards Hotel, London",Very Good,8.4,"3,553",309,Standard Double Room,London,England
The Westbourne Hyde Park,Very Good,8.5,"4,861",244,Deluxe Double Studio,London,England
"The Westminster London, Curio Collection by Hilton",Very Good,8.4,"7,660",,Twin Room,London,England
"The Windermere Hotel, London",Excellent,8.7,"2,191",240,Standard Twin Room,London,England
Thistle London Hyde Park Kensington Gardens,Good,7.9,"3,014",174,Standard Double Room,London,England
Thistle London Piccadilly,Good,7.9,"2,848",259,Standard Double Room,London,England
Thistle London Trafalgar Square,Good,7.7,"2,999",237,Standard Double Room,London,England
Wonderful Knightsbridge Apartment by Harrods,Exceptional,9.6,63,327,Apartment,London,England
45 Times Square Hotel,Very Good,8.3,"3,070",261,Executive King Room,New York,USA
70 Park Avenue Hotel,Very Good,8.3,"2,291",237,Standard Room,New York,USA
Arthouse Hotel,Very Good,8,"2,270",258,Superior King Room,New York,USA
Carnegie Hotel,Excellent,8.6,"2,270",,Superior Queen Room,New York,USA
Citadines Connect Fifth Avenue New York,Good,7.4,"3,269",269,Premier King Room,New York,USA
citizenM New York Bowery,Excellent,8.7,"3,297",,King Room,New York,USA
City Club Hotel,Good,7.3,"2,527",,Petite Room,New York,USA
"Club Quarters Hotel World Trade Center, New York",Very Good,8.3,"4,134",261,Small Queen Room,New York,USA
Courtyard by Marriott Times Square West,Very Good,8.3,"3,100",,King Room with Roll-in Shower - Mobility and Hearing Accessible,New York,USA
Crowne Plaza HY36 Midtown Manhattan by IHG,Very Good,8.4,581,,Standard King Room,New York,USA
Delta Hotels by Marriott New York Times Square,Good,7.8,"4,267",305,King Room,New York,USA
DoubleTree by Hilton Hotel New York City - Chelsea,Good,7.2,"3,668",316,King Room - Non-Smoking,New York,USA
DoubleTree by Hilton New York Downtown,Good,7.5,"3,947",,King Room,New York,USA
DoubleTree by Hilton New York Times Square South,Very Good,8.2,"6,550",297,King Room,New York,USA
Doubletree By Hilton New York Times Square West,Review score,6.8,"11,146",,Standard King Room,New York,USA
Element Times Square West,Very Good,8.1,"7,569",,King Room - Hearing Accessible,New York,USA
Embassy Suites By Hilton New York Manhattan Times Square,Good,7.7,"3,943",348,King Room,New York,USA
Eurostars Wall Street,Very Good,8,"1,356",240,Queen Room,New York,USA
Executive Hotel Le Soleil New York,Excellent,8.7,"4,563",314,Executive Queen Room,New York,USA
Fairfield By Marriott New York Manhattan Times Square,Very Good,8.3,"5,661",,King Room,New York,USA
Fairfield Inn & Suites by Marriott New York Midtown Manhattan/Penn Station,Very Good,8,"4,806",,King Room,New York,USA
Fairfield Inn & Suites New York Manhattan/Downtown East,Very Good,8.2,"1,221",237,King Room,New York,USA
Fairfield Inn by Marriott New York Manhattan/Financial District,Good,7.8,"3,635",,Queen Room,New York,USA
Hampton Inn Manhattan-35th St Empire State Bldg,Very Good,8.3,"6,669",275,King Room - Non-Smoking,New York,USA
Hampton Inn Manhattan/Downtown- Financial District,Good,7.8,643,,1 Double Room - Disability Access/Non-Smoking,New York,USA
Hampton Inn Times Square Central,Very Good,8.3,"2,834",,King Room with Roll-In Shower - Mobility and Hearing Access/Non-Smoking,New York,USA
Heritage Hotel New York City,Good,7.4,"3,784",217,King Room - Non-Smoking,New York,USA
Hilton Garden Inn New York Central Park South-Midtown West,Good,7.6,"8,797",347,King Room - Hearing Access,New York,USA
Hilton Garden Inn New York Times Square South,Very Good,8.2,"4,018",,King Room - Hearing Access,New York,USA
Hilton Garden Inn New York/Manhattan-Chelsea,Good,7.6,"4,037",,High Floor King Room,New York,USA
Hilton Garden Inn NYC Financial Center/Manhattan Downtown,Very Good,8.3,"5,053",268,King Room,New York,USA
Hilton Garden Inn West 35th Street,Very Good,8.2,"3,068",314,King Room with City View,New York,USA
Hilton New York Fashion District,Good,7.5,838,306,Queen Room,New York,USA
Holiday Inn Express - Wall Street by IHG,Good,7.8,"1,883",,Standard Room,New York,USA
Holiday Inn Manhattan 6th Ave - Chelsea by IHG,Good,7.6,"2,943",,Standard King Room,New York,USA
Hotel 27 by LuxUrban,Good,7,882,198,Double Room - Non-Smoking,New York,USA
"Hotel 50 Bowery, part of JdV by Hyatt",Excellent,8.6,959,,Double Room with Two Double Beds,New York,USA
Hotel 57 by LuxUrban,Good,7,"5,079",254,Double Room - Non-Smoking,New York,USA
Hotel AKA NoMad,Very Good,8.3,674,365,NoMad King,New York,USA
Hotel Belleclaire Central Park,Very Good,8.1,"5,101",,Deluxe 1 King Bed,New York,USA
Hotel Edison Times Square,Good,7.7,"13,317",287,Signature 1 Queen Bed,New York,USA
Hotel Hayden New York,Good,7.1,"3,161",197,Superior King Room,New York,USA
Hotel Hugo,Good,7.8,"1,371",276,Superior King Room,New York,USA
Hotel Indigo NYC Downtown - Wall Street by IHG,Very Good,8.3,"1,051",,Standard Queen Room,New York,USA
Hotel St. James,Very Good,8.1,"3,232",245,One Queen Bed Room,New York,USA
Hyatt Centric Midtown 5th Avenue New York,Very Good,8,"1,153",510,Standard Queen Room with Two Queen Beds,New York,USA
Hyatt Place New York Chelsea,Good,7.9,"18,150",425,Double Room with Skyline View,New York,USA
Hyatt Place New York City - Times Square,Good,7.8,"21,862",,Double Room with Two Double Beds and City View,New York,USA
Ink 48 Hotel,Good,7.5,"2,564",292,Deluxe Queen Room with Two Queen Beds,New York,USA
INNSiDE by Meliá New York Nomad,Very Good,8.5,"1,020",364,The INNSiDE Room - Queen,New York,USA
InterContinental New York Times Square by IHG,Good,7.9,"1,789",,Standard Room,New York,USA
Iroquois New York Times Square,Very Good,8.5,"2,631",428,Deluxe 1 Queen Bed,New York,USA
JG Sohotel,Good,7.1,267,208,Queen Room,New York,USA
Kimpton Theta New York - Times Square by IHG,Very Good,8.2,"1,535",326,Essential King Room with Tub - Mobility Accessible,New York,USA
La Quinta by Wyndham Time Square South,Very Good,8.5,"4,340",,King Room - Non-Smoking,New York,USA
Leon Hotel LES,Very Good,8,"2,570",207,Deluxe King Room,New York,USA
Lex Hotel NYC,Very Good,8.2,"1,529",229,Cozy Queen Room,New York,USA
Life Hotel New York,Very Good,8,820,237,Classic Queen Room,New York,USA
Margaritaville Resort Times Square,Very Good,8.5,"3,961",273,Standard Room one queen Bed,New York,USA
Millennium Premier New York Times Square,Good,7.4,"1,138",266,Premier Queen Room,New York,USA
Moderne Hotel,Very Good,8.1,"1,021",289,Deluxe Room,New York,USA
MOXY NYC Times Square,Very Good,8.1,"5,887",396,Double Room,New York,USA
Nolitan Hotel SoHo - New York,Good,7.8,"1,513",218,Deluxe Queen Room,New York,USA
Park Central,Good,7.3,"7,499",283,Deluxe Two Queen Room,New York,USA
Pestana CR7 Times Square,Excellent,8.6,"2,591",,Comfort Room,New York,USA
Pod Times Square,Very Good,8.3,"23,133",149,Bunk Pod,New York,USA
Residence Inn by Marriott New York Downtown Manhattan/World Trade Center Area,Very Good,8.5,"1,791",,King Studio,New York,USA
Riu Plaza Manhattan Times Square,Excellent,8.6,"13,312",296,Deluxe King,New York,USA
Riu Plaza New York Times Square,Excellent,8.6,"7,232",262,Deluxe King Room,New York,USA
Sheraton New York Times Square Hotel,Review score,6.5,"1,804",352,"Traditional, Guest room, 1 Queen",New York,USA
Shoreham Hotel,Good,7.3,"3,305",236,Deluxe Queen Room,New York,USA
SoHo 54,Good,7.6,"3,999",215,SoHo King,New York,USA
Soho Grand Hotel,Very Good,8.3,"1,643",374,Soho King Room,New York,USA
Sohotel,Good,7.9,"2,024",192,Standard Queen Room,New York,USA
The Blakely by LuxUrban,Good,7.4,"6,042",386,"King Room with Mobility Access and Bathtub with Grab Bars, Non-Smoking",New York,USA
The Chelsean New York,Good,7,"2,799",151,"Guest Room, 1 King",New York,USA
"The Cloud One New York-Downtown, by the Motel One Group",Excellent,8.6,"6,436",,Superior King Room with City and River View,New York,USA
The FIDI Hotel,Very Good,8.1,"1,472",,Standard Queen,New York,USA
The Flat NYC,Good,7.9,"2,476",179,Queen Room with Shared Bathroom,New York,USA
The Frederick Hotel Tribeca,Very Good,8.3,"2,238",296,Standard 1 Full Bed,New York,USA
The Gregorian New York City,Very Good,8.3,"1,111",267,Double Room,New York,USA
The Herald by LuxUrban,Good,7.7,"9,056",248,Deluxe King Room - Non-Smoking,New York,USA
The Hotel at Fifth Avenue,Good,7.9,"3,652",233,Queen Room - Non-Smoking,New York,USA
The James New York - NoMad,Very Good,8.1,"1,542",,Queen Room,New York,USA
The Manhattan at Times Square,Review score,5.5,"7,662",239,Standard Room,New York,USA
"The Mayfair Hotel Times Square, Ascend Hotel Collection",Excellent,8.6,"1,976",,Double Room with Step-In Shower - Disability Access/Non Smoking,New York,USA
The Muse New York,Very Good,8.5,"2,613",408,Executive Corner King,New York,USA
"The New Yorker, A Wyndham Hotel",Good,7.7,"15,621",,Standard Queen Room,New York,USA
The Prince Kitano New York,Excellent,8.7,"1,113",494,Deluxe King Room,New York,USA
The Renwick,Very Good,8.4,"2,768",332,Gallery King,New York,USA
The Shelburne Sonesta New York,Very Good,8.3,"2,267",327,Deluxe Studio,New York,USA
The Washington by LuxUrban,Good,7.7,"9,507",212,King Room - Non-Smoking,New York,USA
TRYP by Wyndham New York City Times Square - Midtown,Good,7.4,"2,720",,Queen Room,New York,USA
voco The Franklin New York by IHG,Very Good,8.4,502,,Double Room with Mobility Accessible Tub/ Nonsmoking,New York,USA
voco Times Square South New York by IHG,Very Good,8.1,"3,829",305,Standard Double Room,New York,USA
WestHouse Hotel New York,Very Good,8.1,"1,917",521,Queen Room - Disability Access,New York,USA
Wingate by Wyndham New York Midtown South/5th Ave,Very Good,8.4,"2,379",,Queen Room - Non-Smoking,New York,USA
YOTEL New York Times Square,Good,7.7,"6,418",186,Premium Queen,New York,USA
1881 Barcelona Gran Rosellon Hotel,Very Good,8,"2,540",134,Standard Twin Room,Barcelona,Spain
45 Times Barcelona Hotel,Excellent,8.6,"2,459",265,Double Room with City View,Barcelona,Spain
Acta Atrium Palace,Very Good,8.1,"2,976",175,Double or Twin Room,Barcelona,Spain
Acta CITY47,Very Good,8.3,"3,204",125,Superior Queen Room,Barcelona,Spain
Allegro Barcelona,Excellent,8.7,"2,650",123,Superior Double Room,Barcelona,Spain
Arya Stadium Hotel,Very Good,8.3,"3,167",94,Interior Double Room,Barcelona,Spain
Barceló Sants,Excellent,8.7,"8,911",,Deluxe Double or Twin Room,Barcelona,Spain
Barcelona House,Very Good,8,"7,215",95,Double or Twin Room,Barcelona,Spain
Barcelona Princess,Very Good,8.3,"11,844",,Double or Twin Room,Barcelona,Spain
BYPILLOW Mothern,Very Good,8.2,"5,339",123,Budget Double Room,Barcelona,Spain
Casa Pince,Wonderful,9,581,171,Budget Double Room,Barcelona,Spain
Catalonia Barcelona Plaza,Excellent,8.7,"3,464",,Double or Twin Room,Barcelona,Spain
Catalonia Catedral,Wonderful,9.1,"2,594",,Double or Twin Room,Barcelona,Spain
Catalonia Diagonal Centro,Excellent,8.7,"3,488",,Double Room,Barcelona,Spain
Catalonia Eixample 1864,Excellent,8.6,"4,333",,Premium Double Room,Barcelona,Spain
Catalonia Magdalenes,Wonderful,9.3,"2,114",,Double or Twin Room,Barcelona,Spain
Catalonia Passeig de Gràcia 4* Sup,Wonderful,9.1,"3,359",,Double or Twin Room,Barcelona,Spain
Catalonia Plaza Catalunya,Excellent,8.6,"5,522",,Double or Twin Room,Barcelona,Spain
Catalonia Port,Excellent,8.8,"1,494",,Double or Twin Room,Barcelona,Spain
Catalonia Portal de l'Angel,Excellent,8.8,"3,152",,Standard Double or Twin Room,Barcelona,Spain
Catalonia Ramblas 4* Sup,Very Good,8.5,"4,765",,Double or Twin Room,Barcelona,Spain
Center Gran Via,Excellent,8.8,"2,087",109,Standard Double Room,Barcelona,Spain
Chi,Excellent,8.9,"5,316",136,Double Room,Barcelona,Spain
Chic & Basic Tallers Hostal,Good,7.1,"1,276",127,Double Room with Balcony,Barcelona,Spain
Cram Hotel,Very Good,8.4,"3,628",141,Deluxe Double Room,Barcelona,Spain
Eurostars Barcelona Central,Excellent,8.8,"1,697",199,Superior Double Room,Barcelona,Spain
Exe Plaza Catalunya,Very Good,8.4,"3,870",,Basic Double Room,Barcelona,Spain
Exe Ramblas Boquería,Very Good,8.3,"1,296",157,Double or Twin Room with Las Ramblas View,Barcelona,Spain
Forget Me Not Barcelona,Wonderful,9.1,"1,769",,Small Double Room,Barcelona,Spain
Gaudi Hotel,Very Good,8.3,"7,303",126,Double or Twin Room,Barcelona,Spain
Grupotel Gran Via 678,Very Good,8.4,"5,068",157,Standard Double Room,Barcelona,Spain
H10 Raco del Pi,Excellent,8.7,940,179,Standard Double or Twin Room,Barcelona,Spain
Hotel 54 Barceloneta,Very Good,8.5,"2,318",160,Standard Double Room,Barcelona,Spain
Hotel America Barcelona,Excellent,8.7,"1,937",137,Double or Twin Room,Barcelona,Spain
Hotel Arconte,Wonderful,9.1,29,146,Deluxe Room,Barcelona,Spain
Hotel Barcelona Catedral,Very Good,8.5,"3,906",170,Double Room,Barcelona,Spain
Hotel Barcelona Center,Excellent,8.6,"8,144",169,Double or Twin Room,Barcelona,Spain
Hotel Boutique Mirlo Barcelona,Wonderful,9.4,"1,054",250,Deluxe with Hammam,Barcelona,Spain
Hotel Brick Barcelona,Excellent,8.8,"2,993",,Double or Twin Room,Barcelona,Spain
Hotel Casa Sagnier,Wonderful,9.2,"1,541",296,Small Double or Twin Room,Barcelona,Spain
Hotel Casa Teva Barcelona,Excellent,8.8,433,127,Standard Double Room,Barcelona,Spain
Hotel Condes de Barcelona,Excellent,8.9,820,230,Superior Double or Twin Room,Barcelona,Spain
Hotel Cortes Rambla,Very Good,8.1,"2,153",122,Standard Double Room,Barcelona,Spain
Hotel Indigo Barcelona - Plaza Catalunya 4Sup by IHG,Very Good,8.1,694,,Standard Double Room,Barcelona,Spain
Hotel Indigo Barcelona Plaza Espana by IHG,Excellent,8.8,"7,099",169,Premium Queen Room - Accessible,Barcelona,Spain
Hotel Jazz,Excellent,8.9,"3,264",,Double or Twin Room,Barcelona,Spain
Hotel Pulitzer Barcelona,Excellent,8.9,"1,511",,Double or Twin Room,Barcelona,Spain
Hotel Royal Passeig de Gracia,Very Good,8.5,"3,220",169,Comfort Room,Barcelona,Spain
Hotel SERHS Del Port,Very Good,8.4,"1,606",133,Comfort Double or Twin Room,Barcelona,Spain
Hotel SERHS Rivoli Rambla,Very Good,8.4,"2,297",148,Small Double Room,Barcelona,Spain
Hotel Soho,Excellent,8.6,"2,429",128,Economy Double Room,Barcelona,Spain
Hotel Turin Barcelona,Very Good,8.3,"5,758",146,Basic Double Room,Barcelona,Spain
ICON Bcn,Excellent,8.7,"2,233",205,Small Double Room,Barcelona,Spain
INNSiDE by Meliá Barcelona Apolo,Excellent,8.9,"2,135",177,Innside Room Extra Space,Barcelona,Spain
La Ciudadela,Excellent,8.6,"2,069",138,Double Room (interior),Barcelona,Spain
Lamaro Hotel,Wonderful,9,"3,549",255,Design Double Room,Barcelona,Spain
Magatzem 128,Excellent,8.8,"2,498",,Twin Room with Patio View,Barcelona,Spain
Mosaic by Ona,Excellent,8.6,"2,717",136,Standard Double Room,Barcelona,Spain
Negresco Princess 4* Sup,Very Good,8.3,"5,796",,Double Room,Barcelona,Spain
"Radisson Blu 1882 Hotel, Barcelona Sagrada Familia",Excellent,8.9,"3,733",174,Standard Room - Interior Facing,Barcelona,Spain
Room Mate Pau,Wonderful,9.2,"4,188",184,Executive Double Room,Barcelona,Spain
Sallés Hotel Pere IV,Very Good,8.1,"8,432",150,Deluxe Double Room with Spa Access,Barcelona,Spain
SERHS Carlit Boutique Hotel,Very Good,8.5,"1,318",146,Comfort Double or Twin Room,Barcelona,Spain
Seventy Barcelona,Wonderful,9.1,"2,940",,Basic Double Room with Spa Access,Barcelona,Spain
Silken Sant Gervasi,Very Good,8.5,"2,464",,Standard Twin Room,Barcelona,Spain
Sonder Casa Luz,Very Good,8.4,"2,866",151,Twin Room with Balcony,Barcelona,Spain
Sonder Paseo de Gracia,Very Good,8.1,"2,648",151,Queen Room,Barcelona,Spain
Sunotel Aston,Good,7.5,"1,057",110,Economy Double Room,Barcelona,Spain
Sunotel Central,Very Good,8.1,"1,437",148,Economy Double Room,Barcelona,Spain
The Corner Hotel,Excellent,8.8,"1,578",200,Superior Double or Twin Room,Barcelona,Spain
Upper Diagonal,Excellent,8.8,"1,838",153,Double Room,Barcelona,Spain
We Boutique Hotel Barcelona,Wonderful,9.2,496,182,Double Room,Barcelona,Spain
Wilson Boutique Hotel,Very Good,8.5,"1,732",,Double or Twin Room,Barcelona,Spain
Yurbban Passage Hotel & Spa,Wonderful,9.2,"1,297",237,Interior Double or Twin Room,Barcelona,Spain
Yurbban Ramblas Boutique Hotel,Wonderful,9.4,"1,414",170,Standard Double Room,Barcelona,Spain
1er Etage Opéra,Excellent,8.8,349,386,Superior Double Room,Paris,France
25hours Hotel Terminus Nord,Very Good,8.4,"3,882",,Medium,Paris,France
Acacias Etoile,Very Good,8.5,"2,059",,Classic Double Room,Paris,France
Alberte Hôtel,Wonderful,9,635,437,Double Room - Disability Access,Paris,France
Best Western Empire Elysees,Very Good,8.4,"4,713",316,Superior Queen Room,Paris,France
Grand Hôtel de L'Univers Saint-Germain,Excellent,8.8,"3,224",293,Classic Double Room,Paris,France
Grand Hotel Lafayette,Very Good,8.1,"1,585",340,Superior Double or Twin Room,Paris,France
Hidden Hotel,Excellent,8.8,883,287,Intuition Room,Paris,France
Hotel 34B - Astotel,Excellent,8.8,"2,898",,Double Room,Paris,France
Hotel Archetype Etoile,Excellent,8.6,"1,165",275,Double Room,Paris,France
Hotel Astoria - Astotel,Very Good,8.4,"1,740",,Standard Double Room,Paris,France
Hôtel Chateaubriand,Very Good,8,470,501,Classic Double Room,Paris,France
Hôtel de France Gare de Lyon Bastille,Excellent,8.6,"4,245",296,Comfort Double Room,Paris,France
Hôtel Du Midi Paris Montparnasse,Very Good,8.3,"2,507",214,Standard Double Room,Paris,France
Hôtel du Ministère,Very Good,8.4,"1,313",359,Superior Double Room,Paris,France
Hôtel du Parc Montparnasse,Very Good,8.1,"1,244",,Standard Twin Room,Paris,France
Hôtel du Plat d'Etain,Excellent,8.7,"3,776",226,Double Room,Paris,France
Hôtel du Temps Paris,Very Good,8.1,761,286,Standard Double Room,Paris,France
Hotel Duminy-Vendome,Excellent,8.8,"1,452",511,Comfort Double Room,Paris,France
Hotel Duret Paris Champs Elysées,Very Good,8.4,400,322,Classic Double Room,Paris,France
Hôtel Eiffel Turenne,Excellent,8.8,"1,293",,Classic Room,Paris,France
Hotel Elysees 8,Very Good,8.5,884,367,Classic Room,Paris,France
Hôtel Gabbie,Excellent,8.9,274,,Double Room,Paris,France
Hotel George Sand Opéra Paris,Very Good,8.4,"1,265",320,Double Room,Paris,France
Hôtel Hor Europe,Excellent,8.7,"3,881",272,Classic Double Room,Paris,France
Hôtel L'Ormaie & Spa,Wonderful,9.3,176,566,Superior Double Room,Paris,France
Hotel Le Clery,Good,7.9,"1,248",,Deluxe Room,Paris,France
Hotel Le Mareuil,Wonderful,9.1,873,,Standard Double Room,Paris,France
Hôtel Le Milie Rose,Wonderful,9,"1,974",315,Double Room,Paris,France
Hotel Locomo - Gare de Lyon Bastille,Excellent,8.8,"4,966",310,Large Double or Twin Room,Paris,France
Hotel Monsieur & Spa,Very Good,8.5,"1,028",262,Superior Double Room with with Private Hammam Access,Paris,France
Hotel Opéra d'Antin,Good,7.9,"1,185",243,Classic Double Room,Paris,France
Hotel Peyris Opera,Very Good,8,"2,968",281,Classic Double or Twin Room,Paris,France
Hotel Phileas Lazare & Spa - Opera,Wonderful,9,"1,783",302,Classic Double Room,Paris,France
Hôtel Riesner,Excellent,8.9,"1,651",282,Standard Double Room,Paris,France
Hôtel Rosalie,Excellent,8.8,"2,233",253,Standard Double Room,Paris,France
Hôtel Sainte-Beuve,Excellent,8.6,507,321,Superior Room,Paris,France
Hotel Sleeping Belle - Gare de Lyon Bastille,Excellent,8.8,"2,700",360,Economy Double Room,Paris,France
Hotel Taylor,Excellent,8.8,"3,229",,Double Duo,Paris,France
Hotel Touraine Opera,Wonderful,9,"2,190",334,Double Room,Paris,France
Hôtel Tourisme Avenue,Excellent,8.9,"1,608",284,Business Room,Paris,France
Hotel Yllen Eiffel,Wonderful,9.1,"2,285",349,Classic Twin Room,Paris,France
Jardin Saint Honoré Apartments,Wonderful,9.2,759,377,One-Bedroom Apartment - 5th Floor,Paris,France
La Villa Haussmann,Excellent,8.9,"1,447",520,Superior Double Room,Paris,France
Le 123 Sébastopol - Astotel,Wonderful,9.1,"1,546",,Standard Double Room,Paris,France
LE CLARK HOTEL,Wonderful,9.2,431,407,Standard Double or Twin Room,Paris,France
Le Madame By Sweett,Good,7.9,210,281,Standard Double Room,Paris,France
Le Monsieur By Sweett,Very Good,8.1,186,248,Double Room,Paris,France
Le Nest by Sweett,Excellent,8.8,"1,024",238,Double Room,Paris,France
Le Parisis - Paris Tour Eiffel,Wonderful,9,"3,319",378,Double or Twin Room courtyard view or street view,Paris,France
Le Pergolèse Paris Champs Elysées,Very Good,8.4,683,322,Double Room,Paris,France
Les Artistes,Excellent,8.9,"1,124",,Simone Eco Room -Without Air Conditioning,Paris,France
Lyric Hotel Paris Opera,Wonderful,9,"1,122",501,Classic Double or Twin Room,Paris,France
Maison Cassandre,Wonderful,9.2,285,285,Superior Double Room,Paris,France
Maison ELLE Paris,Excellent,8.7,768,468,Cozy Room,Paris,France
Miss Fuller,Wonderful,9.3,293,416,Standard Double Room,Paris,France
New Hotel Roblin,Excellent,8.6,"1,801",350,Standard Room,Paris,France
Numa Paris Champs-Élysées,Excellent,8.7,376,352,Standard Room,Paris,France
Pullman Paris Montparnasse,Very Good,8.3,"2,545",,Deluxe Twin Room with View,Paris,France
Quinzerie hôtel,Wonderful,9.3,"1,923",375,Double Room,Paris,France
Sonder Le Frochot,Good,7.8,735,202,Queen Room,Paris,France
Star Champs-Elysées,Very Good,8.5,"1,646",363,Classic Double Room,Paris,France
Stella Etoile,Very Good,8,"1,827",246,Classic Double,Paris,France
VILLA M,Excellent,8.8,"2,403",490,Superior Double Room,Paris,France
XO Hotel Paris,Wonderful,9,"1,117",,Classic Double Room,Paris,France
8 Kia Peng Suites KLCC by Luna,Very Good,8.5,148,51,Family Junior Suite,Kuala Lumpur,Malaysia
Agile Bukit Bintang by SOD,Exceptional,9.6,5,43,Double Room,Kuala Lumpur,Malaysia
"Agile Bukit Bintang FaceHome, TRX, Pavilion, KL",Wonderful,9.1,66,33,Queen Studio,Kuala Lumpur,Malaysia
Agile Bukit Bintang Home Stay Service,Excellent,8.7,27,29,Deluxe King Studio,Kuala Lumpur,Malaysia
Agile star residence TRX KL,Wonderful,9.1,14,40,Standard Double Room,Kuala Lumpur,Malaysia
Agile Suite Service Apartment KL,Exceptional,9.6,8,51,Superior Studio,Kuala Lumpur,Malaysia
"AnCasa Hotel Kuala Lumpur, Chinatown",Good,7.9,"2,149",61,Superior Queen Room,Kuala Lumpur,Malaysia
Ascott Kuala Lumpur,Very Good,8.1,"1,242",115,Premier Studio,Kuala Lumpur,Malaysia
Ascott Sentral Kuala Lumpur,Excellent,8.8,651,68,Studio Premier,Kuala Lumpur,Malaysia
Ascott Star KLCC,Wonderful,9,"3,648",148,Studio Executive,Kuala Lumpur,Malaysia
Atelier Bukit Bintang,Excellent,8.6,334,129,Superior Suite,Kuala Lumpur,Malaysia
AXQUISITE SUITES at KLCC,Wonderful,9,359,101,One-Bedroom Apartment,Kuala Lumpur,Malaysia
Banyan Signatures Pavilion Kuala Lumpur,Very Good,8.2,501,91,Deluxe Twin Room,Kuala Lumpur,Malaysia
BBHomes at Casa Residency KL,Good,7.9,260,21,Deluxe Studio,Kuala Lumpur,Malaysia
Bintang Collectionz Hotel,Very Good,8.3,432,52,Standard Twin Room (No Window),Kuala Lumpur,Malaysia
Chill Suites Kuala Lumpur,Good,7.9,206,24,Queen Room,Kuala Lumpur,Malaysia
City Apartment At Agile Residence KL,Exceptional,9.9,7,32,Executive Suite,Kuala Lumpur,Malaysia
Classic Malay House in KL City Centre,Excellent,8.7,56,71,Family Room with Bathroom - Ground Floor,Kuala Lumpur,Malaysia
Colony suites klcc by Hibernate,Excellent,8.9,48,31,One-Bedroom Apartment,Kuala Lumpur,Malaysia
Comfort Suites Quill Residence By Tasu Homes,Wonderful,9.2,30,37,One-Bedroom Apartment,Kuala Lumpur,Malaysia
Crowne Plaza Kuala Lumpur City Centre by IHG,Excellent,8.8,521,,Standard King Room,Kuala Lumpur,Malaysia
Crystal Suite at Dorsett Infinity Pool KL,Very Good,8.4,7,87,One-Bedroom Apartment,Kuala Lumpur,Malaysia
Dolphin The Eaton KLCC Kuala Lumpur,Good,7.4,573,58,Two-Bedroom Suite,Kuala Lumpur,Malaysia
Dorsett Hartamas Kuala Lumpur,Very Good,8,"3,798",46,Superior Room (No windows),Kuala Lumpur,Malaysia
Dorsett Kuala Lumpur,Good,7.7,"3,903",71,Dorsett Room,Kuala Lumpur,Malaysia
DoubleTree By Hilton Kuala Lumpur,Excellent,8.6,"4,604",,King Room,Kuala Lumpur,Malaysia
Dua Sentral Signature Suites,Good,7.3,279,21,Queen Studio,Kuala Lumpur,Malaysia
Eaton Residences KLCC by Plush,Very Good,8.2,511,54,Two-Bedroom Apartment,Kuala Lumpur,Malaysia
Ekocheras @ Kuala Lumpur,Good,7.7,204,34,Duplex Apartment,Kuala Lumpur,Malaysia
EkoCheras by MOKA at CHERAS,Good,7.4,105,32,Duplex Apartment,Kuala Lumpur,Malaysia
Grand Hyatt Kuala Lumpur,Wonderful,9,"3,012",,King Room,Kuala Lumpur,Malaysia
Hilton Kuala Lumpur,Excellent,8.7,"2,816",,Deluxe Twin Room,Kuala Lumpur,Malaysia
Hotel Indigo Kuala Lumpur on the Park by IHG,Excellent,8.9,560,,Standard King Room,Kuala Lumpur,Malaysia
Hotel Komune Living & Wellness Kuala Lumpur,Very Good,8.4,"1,428",34,Studio Twin,Kuala Lumpur,Malaysia
Hotel Maya Kuala Lumpur City Centre,Good,7.3,"2,239",61,Deluxe Room,Kuala Lumpur,Malaysia
Hotel Royal Signature,Very Good,8.5,"1,020",61,Superior Room Only,Kuala Lumpur,Malaysia
Hotel Six Seasons @ Mid Valley,Good,7.6,554,32,Superior Queen Room,Kuala Lumpur,Malaysia
"Hyatt House Kuala Lumpur, Mont Kiara",Very Good,8.4,981,,King Room,Kuala Lumpur,Malaysia
Imperial KLCC by Opus Hospitality,Wonderful,9.4,64,122,Prestige 2 Bedroom Deluxe City View,Kuala Lumpur,Malaysia
Impiana KLCC Hotel,Good,7.9,"3,589",90,Superior Twin Plus - Room with Breakfast,Kuala Lumpur,Malaysia
InterContinental Kuala Lumpur by IHG,Excellent,8.6,"2,347",,Classic Room,Kuala Lumpur,Malaysia
JW Marriott Kuala Lumpur,Excellent,8.7,"4,796",,Superior King Room,Kuala Lumpur,Malaysia
KLoe Hotel,Excellent,8.9,"2,197",76,City Room,Kuala Lumpur,Malaysia
Kuala Lumpur Apartment at Axon Residence Pavilion,Very Good,8.3,14,29,Deluxe King Studio,Kuala Lumpur,Malaysia
Lloyd's Inn Kuala Lumpur,Very Good,8,353,71,Standard Double or Twin Room,Kuala Lumpur,Malaysia
Lucentia Residence By Home Horizon,Very Good,8.5,74,48,Deluxe Queen Studio,Kuala Lumpur,Malaysia
Lucentia Suites KLCC by City View,Very Good,8.4,161,39,Suite with City View,Kuala Lumpur,Malaysia
M Resort & Hotel Kuala Lumpur,Excellent,8.7,"3,727",84,Standard Block View King,Kuala Lumpur,Malaysia
"Mandarin Oriental, Kuala Lumpur",Wonderful,9,"4,924",,Deluxe King Room with City View,Kuala Lumpur,Malaysia
Oasia Suites Kuala Lumpur by Far East Hospitality,Very Good,8.1,"3,301",43,Superior King Room,Kuala Lumpur,Malaysia
Opus Residences by Opus Hospitality,Excellent,8.6,685,46,Deluxe One-Bedroom Apartment,Kuala Lumpur,Malaysia
PARKROYAL COLLECTION Kuala Lumpur,Very Good,8.2,"2,905",99,Urban Deluxe King,Kuala Lumpur,Malaysia
PARKROYAL Serviced Suites Kuala Lumpur,Very Good,8.3,"3,937",88,Studio Suite King,Kuala Lumpur,Malaysia
Platinum Suites KLCC Kuala Lumpur,Exceptional,10,3,55,Superior One-Bedroom Apartment,Kuala Lumpur,Malaysia
Platinum Suites Kuala Lumpur,Very Good,8.4,88,44,One-Bedroom Apartment,Kuala Lumpur,Malaysia
Reizz Residence By Global Service,Excellent,8.8,9,44,Two-Bedroom Apartment,Kuala Lumpur,Malaysia
Royale Chulan Kuala Lumpur,Very Good,8.1,"2,130",84,Studio King,Kuala Lumpur,Malaysia
Santa Grand Signature Kuala Lumpur,Very Good,8.4,"9,649",50,Bong Soo Standard Queen,Kuala Lumpur,Malaysia
Scarletz KLCC By Starwood Lux,Very Good,8.5,273,31,Superior Studio,Kuala Lumpur,Malaysia
Scarletz Mana-Mana Suites KLCC,Very Good,8.3,"1,143",44,Ruby Queen Studio,Kuala Lumpur,Malaysia
Scarletz Suites KLCC by Luxe Suites,Wonderful,9,30,31,Deluxe Double Studio,Kuala Lumpur,Malaysia
Scarletz Suites KLCC by Numa,Excellent,8.8,95,30,Deluxe Queen Studio,Kuala Lumpur,Malaysia
Societe Suites By iHost Global,Wonderful,9.1,114,68,Studio Apartment,Kuala Lumpur,Malaysia
Societe Suites by Lyfehaus,Excellent,8.7,98,72,Deluxe Studio,Kuala Lumpur,Malaysia
Sofitel Kuala Lumpur Damansara,Very Good,8.4,"1,314",,Luxury King Room,Kuala Lumpur,Malaysia
Soho Suites KLCC by Wakely Kuala Lumpur,Wonderful,9.1,609,45,Landmark View - Two Bedroom Apartment,Kuala Lumpur,Malaysia
Somerset Kuala Lumpur,Very Good,8.5,"1,162",71,Studio Premier,Kuala Lumpur,Malaysia
St Giles Gardens Residences Kuala Lumpur,Wonderful,9.3,4,,One Bedroom,Kuala Lumpur,Malaysia
Star Holiday Sky Pool KLCC,Wonderful,9,214,69,Deluxe Junior Suite,Kuala Lumpur,Malaysia
Star Klcc by Castle,Excellent,8.6,19,51,Standard Studio,Kuala Lumpur,Malaysia
Star Luxury Suites KLCC,Excellent,8.9,"1,654",55,Superior Suite with View,Kuala Lumpur,Malaysia
STAR Residence KL City Centre,Good,7.8,13,55,Deluxe Junior Suite,Kuala Lumpur,Malaysia
Star Residences KLCC,Excellent,8.9,45,101,One-Bedroom Apartment,Kuala Lumpur,Malaysia
Starlight Suite At Chambers Kuala Lumpur KLCC,Exceptional,10,3,20,Deluxe King Studio,Kuala Lumpur,Malaysia
Stay With Family At Times Square,Very Good,8.5,26,31,One-Bedroom Suite,Kuala Lumpur,Malaysia
Summer suites near klcc,Excellent,8.8,199,27,Studio Apartment,Kuala Lumpur,Malaysia
"Sunway Lagoon Hotel , formerly Sunway Clio Hotel",Very Good,8.4,993,103,Deluxe Plus Double or Twin Room,Kuala Lumpur,Malaysia
Sunway Putra Hotel Kuala Lumpur,Very Good,8.5,"6,786",63,Superior Double or Twin Room,Kuala Lumpur,Malaysia
Sunway Resort Hotel,Wonderful,9,"2,349",148,Deluxe Double or Twin Room,Kuala Lumpur,Malaysia
Sunway Velocity Hotel Kuala Lumpur,Very Good,8.4,"1,138",62,Superior Twin Room,Kuala Lumpur,Malaysia
Swiss-Garden Hotel Bukit Bintang Kuala Lumpur,Good,7.7,"1,755",79,Deluxe King Room,Kuala Lumpur,Malaysia
TaheeenS Suites at Berjaya Times Square,Exceptional,10,4,69,Deluxe Studio,Kuala Lumpur,Malaysia
The Axon Apartment Bukit Bintang,Review score,6.9,47,44,Studio,Kuala Lumpur,Malaysia
The Chow Kit - an Ormond Hotel,Very Good,8.2,"1,134",64,The Den,Kuala Lumpur,Malaysia
The Kuala Lumpur Journal Hotel,Excellent,8.7,"2,698",85,Deluxe King Room,Kuala Lumpur,Malaysia
"The Majestic Hotel Kuala Lumpur, Autograph Collection",Excellent,8.8,"3,299",,Deluxe King Room,Kuala Lumpur,Malaysia
The Platinum KLCC By Garden Suites,Excellent,8.8,279,64,One-Bedroom Apartment,Kuala Lumpur,Malaysia
The Platinum KLCC By Victoria Home,Excellent,8.8,243,56,One-Bedroom Apartment,Kuala Lumpur,Malaysia
The Robertson Bukit Bintang Luxe Suites,Excellent,8.7,555,36,One-Bedroom Apartment,Kuala Lumpur,Malaysia
The RuMa Hotel and Residences,Wonderful,9.3,"4,731",162,Deluxe King Room,Kuala Lumpur,Malaysia
The Summer Suites At Kualalumpur,Very Good,8.2,153,29,Studio with Balcony,Kuala Lumpur,Malaysia
Travelodge Chinatown Kuala Lumpur,Good,7.3,"1,665",33,Superior Double Room,Kuala Lumpur,Malaysia
Tropicana The Residence Hermes Suite with KLCC View,Excellent,8.9,28,70,One-Bedroom Apartment,Kuala Lumpur,Malaysia
Villa Samadhi by Samadhi Age 12 and Above Only,Excellent,8.6,227,275,Luxe Crib (with Standing Shower and Plunge Pool),Kuala Lumpur,Malaysia
Vortex Suites KLCC City Center,Wonderful,9,132,65,Three-Bedroom Suite,Kuala Lumpur,Malaysia
Wedgewood Residences,Excellent,8.6,414,127,One-Bedroom Suite,Kuala Lumpur,Malaysia
White Suite At Times Square,Good,7.4,168,29,Superior Apartment,Kuala Lumpur,Malaysia
WOLO Kuala Lumpur,Very Good,8.5,"2,846",80,Copper King without window,Kuala Lumpur,Malaysia
Wyndham Suites KLCC,Very Good,8.2,"2,005",99,Wyndham Executive Suite,Kuala Lumpur,Malaysia
Yu Yan Hotel Chinatown,Excellent,8.6,561,34,Standard Queen Room,Kuala Lumpur,Malaysia
APA Hotel & Resort Tokyo Bay Shiomi,Good,7.8,"2,374",106,Double Room with Small Double Bed - Smoking,Tokyo,Japan
APA Hotel Asakusa Ekimae,Very Good,8.2,"4,993",114,Superior Double Room - Non-Smoking,Tokyo,Japan
APA Hotel Ginza Shintomicho Ekimae,Good,7.3,"1,064",143,Double Room - Non-Smoking,Tokyo,Japan
APA Hotel Hatchobori Ekimae,Very Good,8.4,600,143,Double Room,Tokyo,Japan
APA Hotel Kayabacho Hachobori Ekimae,Very Good,8.3,"1,000",147,Double Room,Tokyo,Japan
APA Hotel Keisei Ueno Ekimae,Good,7.8,"6,143",172,Double Room - Non-Smoking,Tokyo,Japan
APA Hotel Mita Ekimae,Good,7.3,"1,151",122,Double Room - Non-Smoking,Tokyo,Japan
APA Hotel PRIDE Akasaka Kokkaigijidomae,Very Good,8.4,"7,179",142,Standard Double Room (2 Adults) - Non-Smoking,Tokyo,Japan
APA Hotel Shibuya Dogenzakaue,Good,7.5,"2,149",209,Small Double Room - Non-Smoking,Tokyo,Japan
APA Hotel Shimbashi Onarimon,Good,7.6,"1,391",119,Double Room - Non-Smoking,Tokyo,Japan
APA Hotel Shimbashi Toranomon,Good,7.5,"1,675",151,Double Room - Non-Smoking,Tokyo,Japan
APA Hotel Shinagawa Sengakuji Ekimae,Good,7.8,"4,975",116,Standard Double Room - Non-Smoking,Tokyo,Japan
APA Hotel Tsukiji Ekiminami,Good,7.5,936,119,Double Room with Small Double Bed - Non-Smoking,Tokyo,Japan
Asakusa View Hotel,Very Good,8.3,"2,695",200,Standard Double Room with Skytree Side - Non-Smoking,Tokyo,Japan
Candeo Hotels Tokyo Roppongi,Good,7.9,"2,570",308,Executive Queen Room,Tokyo,Japan
Daiwa Roynet Hotel Ginza PREMIER,Very Good,8.5,"3,645",236,Economy Double Room - Non-Smoking,Tokyo,Japan
Ginza Capital Hotel Akane,Good,7.4,"1,173",120,Double Room with Small Double Bed - Non-Smoking,Tokyo,Japan
Ginza Capital Hotel Moegi,Very Good,8.3,464,155,Standard Twin Room - Non Smoking,Tokyo,Japan
Ginza Creston,Very Good,8.3,"1,477",278,Double Room - Smoking,Tokyo,Japan
Ginza Grand Hotel,Good,7,"2,545",159,Double Room - Non-Smoking,Tokyo,Japan
GINZA HOTEL by GRANBELL,Very Good,8,"1,084",285,Queen Room - Non-Smoking,Tokyo,Japan
Grand Nikko Tokyo Daiba,Wonderful,9,"5,150",221,Superior Twin Room - Non-Smoking,Tokyo,Japan
Hotel Gracery Ginza,Good,7.8,"1,503",205,Standard Double Room with Small Double Bed - Non-Smoking,Tokyo,Japan
Hotel Gracery Tokyo Tamachi,Very Good,8.2,"1,634",118,Double Room - Non-Smoking,Tokyo,Japan
Hotel Keihan Tsukiji Ginza Grande,Very Good,8.5,"2,272",216,Casual Double Room - Smoking,Tokyo,Japan
Hotel Metropolitan Tokyo Haneda,Wonderful,9,"2,896",128,Standard Double Room (2 Adults),Tokyo,Japan
Hotel Metropolitan Tokyo Ikebukuro,Excellent,8.6,"2,372",265,Standard Queen Room - Non-Smoking,Tokyo,Japan
Hotel Monte Hermana Tokyo,Very Good,8.5,"2,838",,Standard Twin Room,Tokyo,Japan
Hotel Monterey Akasaka,Very Good,8.3,"1,931",171,Double Room with Small Double Bed - Non-Smoking,Tokyo,Japan
Hotel Rakuragu,Very Good,8.3,142,154,Standard Queen Room,Tokyo,Japan
HOTEL SUI AKASAKA by ABEST,Very Good,8.4,"1,309",133,Standard Twin Room - Non-Smoking,Tokyo,Japan
Hotel The Celestine Tokyo Shiba,Excellent,8.7,"2,333",222,Moderate Double Room - Non-Smoking,Tokyo,Japan
Hotel Villa Fontaine Grand Tokyo-Roppongi,Very Good,8.4,"1,827",274,Double Room (20sqm) renovated in 2022,Tokyo,Japan
JR Kyushu Hotel Blossom Shinjuku,Excellent,8.8,"5,427",306,Standard Double Room - Non-Smoking,Tokyo,Japan
Keisei Richmond Hotel Tokyo Monzennakacho,Excellent,8.8,"3,373",130,Standard Double Room - Non-Smoking,Tokyo,Japan
Meguroholic Hotel,Good,7.7,789,128,Standard Double Room - Smoking,Tokyo,Japan
Meitetsu Inn Hamamatsucho,Very Good,8.3,608,136,Standard Double Room A - Non-Smoking,Tokyo,Japan
Mitsui Garden Hotel Ginza-gochome,Very Good,8.3,"2,076",258,Standard Double Room,Tokyo,Japan
Mitsui Garden Hotel Shiodome Italia-gai - Tokyo,Very Good,8.1,"5,248",164,Moderate Double Room - Non-Smoking,Tokyo,Japan
Mitsui Garden Hotel Toyosu Premier - Tokyo,Excellent,8.9,"3,922",285,Moderate Double Room - Non-Smoking,Tokyo,Japan
Nihon Seinenkan Hotel,Wonderful,9.1,"1,087",213,Double Room with Small Double Bed,Tokyo,Japan
Premier hotel -CABIN PRESIDENT- Tokyo,Excellent,8.8,233,193,Deluxe Wide Twin Room,Tokyo,Japan
Prince Smart Inn Ebisu,Good,7.9,"1,032",188,Standard Twin Room with Complimentary Light Breakfast - Non-Smoking,Tokyo,Japan
remm plus Ginza,Very Good,8.4,"2,403",,Double Room - Non Smoking,Tokyo,Japan
remm Tokyo Kyobashi,Excellent,8.6,"3,514",,Economy Double Room - Non-Smoking,Tokyo,Japan
Richmond Hotel Premier Asakusa International,Excellent,8.7,"2,833",159,Standard Double Room - Smoking,Tokyo,Japan
Richmond Hotel Tokyo Shiba,Excellent,8.6,983,192,Standard Double Room - Non-Smoking,Tokyo,Japan
Shinagawa Prince Hotel N Tower,Good,7.9,"1,080",166,Small Double Room with Lounge Access ＆ Complimentary Light Breakfast - Non-Smoking,Tokyo,Japan
Shinagawa Tobu Hotel,Very Good,8,"4,596",148,Double Room with Small Double Bed - Non-Smoking,Tokyo,Japan
Shinjuku Prince Hotel,Very Good,8.1,"5,226",223,"Standard Double Room, 2024 Renovated, Non-Smoking (15.3sqm)",Tokyo,Japan
Solaria Nishitetsu Hotel Ginza,Very Good,8.4,973,282,Double Room - Smoking,Tokyo,Japan
Sotetsu Fresa Inn Daimon,Excellent,8.6,"2,271",220,Standard Double Room - Non-Smoking,Tokyo,Japan
Sotetsu Fresa Inn Ginza Sanchome,Very Good,8.3,"2,319",155,Double Room - Non-Smoking,Tokyo,Japan
Sotetsu Fresa Inn Ginza-Nanachome,Very Good,8.3,"2,967",153,Double Room - Non-Smoking,Tokyo,Japan
Sotetsu Fresa Inn Nihombashi Kayabacho,Very Good,8.2,"1,978",129,Double Room - Non-Smoking,Tokyo,Japan
Sotetsu Fresa Inn Shimbashi-Karasumoriguchi,Good,7.9,"2,503",163,Double Room - Non-Smoking,Tokyo,Japan
Sotetsu Fresa Inn Tokyo Roppongi,Very Good,8.1,"2,778",129,Double Room - Non-Smoking,Tokyo,Japan
Sotetsu Fresa Inn Tokyo Tamachi,Very Good,8.3,"1,737",130,Double Room - Non-Smoking - Annex,Tokyo,Japan
Sotetsu Grand Fresa Tokyo-Bay Ariake,Very Good,8.2,"6,447",105,Standard Double Room - Non-Smoking,Tokyo,Japan
Tabist Ginza,Good,7.6,"1,638",136,Small Double Room,Tokyo,Japan
the b ginza,Very Good,8.4,"2,866",238,Double Room,Tokyo,Japan
The Gate Hotel Tokyo by Hulic,Excellent,8.8,"3,639",339,Standard Double Room - Smoking (Electronic Cigaret Only),Tokyo,Japan
THE LIVELY TOKYO AZABUJUBAN,Excellent,8.7,"1,043",340,Double Room,Tokyo,Japan
The Royal Park Hotel Ginza 6-Chome,Excellent,8.6,"1,008",341,Standard Double - Non-Smoking,Tokyo,Japan
The Royal Park Hotel Tokyo Haneda Airport Terminal 3,Very Good,8.4,"14,620",201,Double Room,Tokyo,Japan
Tokyo Bay Ariake Washington Hotel,Good,7.3,"3,854",109,Standard Double Room with Small Double Bed - Non-Smoking,Tokyo,Japan
Tokyu Stay Aoyama Premier,Good,7.9,"1,686",185,Moderate Room - Non-Smoking,Tokyo,Japan
Tokyu Stay Ginza,Very Good,8.1,"3,220",298,Moderate Double Room with Small Double Bed - Non-Smoking,Tokyo,Japan
Tokyu Stay Monzen-Nakacho Tokyo,Excellent,8.6,257,152,Residential Semi-Double (formerly Single B Non-Smoking),Tokyo,Japan
Tokyu Stay Shimbashi - Ginza area,Very Good,8.2,955,179,Cozy Double Room - Non-Smoking,Tokyo,Japan
Tokyu Stay Takanawa Shinagawa Area,Excellent,8.7,838,194,Moderate Double Washer/dryer - Non-Smoking,Tokyo,Japan
Tokyu Stay Tsukiji - Tokyo Ginza Area,Very Good,8.3,772,181,Residential Double Room 18㎡ - Non-Smoking,Tokyo,Japan
Tosei Hotel Cocone Kanda,Very Good,8.1,"2,742",116,Double Room with Small Double Bed - Non-Smoking,Tokyo,Japan
Tosei Hotel Cocone Tsukiji Ginza Premier,Excellent,8.7,867,167,Relax Double Room,Tokyo,Japan
Villa Fontaine Grand Haneda Airport,Excellent,8.6,"13,650",159,Moderate Queen Room - Non-Smoking (Check In 18:00-),Tokyo,Japan
YOTEL Tokyo Ginza,Very Good,8.5,111,135,Queen Room,Tokyo,Japan
1Bd Apt with Free Parking and Amazing View,Very Good,8.4,21,194,Apartment with Pool View,Miami,USA
AC Hotel Miami Wynwood,Very Good,8.5,655,,Queen Room with Two Queen Beds - Hearing Accessible,Miami,USA
Aloft Miami Airport,Good,7.7,"1,350",,"Aloft, Guest room, 2 Queen",Miami,USA
Arlo Wynwood Miami,Excellent,8.6,"1,123",283,King,Miami,USA
Atwell Suites Miami Brickell by IHG,Very Good,8.2,982,,Studio King Suite with Sofa Bed and Balcony - Non-Smoking,Miami,USA
Avi Lux Stay,Excellent,8.6,48,166,One-Bedroom Apartment,Miami,USA
Best Western Plus Miami Airport North Hotel & Suites,Very Good,8,"2,685",,King Room with Bath Tub - Disability Access/Non-Smoking,Miami,USA
Best Western Plus Miami Intl Airport Hotel & Suites Coral Gables,Good,7.8,"1,830",,King Room with Mobility Accessible Roll-In Shower - Non-Smoking,Miami,USA
Best Western Plus Miami-Doral/Dolphin Mall,Good,7.2,"5,344",124,King Suite - Non-Smoking,Miami,USA
Brickell by Miami Vacation Rentals,Very Good,8.4,64,309,Queen Studio,Miami,USA
Casa Agave By Renzzi,Very Good,8.2,289,167,Studio,Miami,USA
Chic 3 Bed Retreat Mins Brickell With Free Parking,Excellent,8.9,16,502,Apartment,Miami,USA
citizenM Miami Brickell,Excellent,8.7,"3,997",,King Room,Miami,USA
citizenM Miami Worldcenter,Excellent,8.9,"6,059",,King Room,Miami,USA
Comfort Inn & Suites Downtown Brickell-Port of Miami,Good,7.7,"4,462",,Queen Room - Non-Smoking,Miami,USA
Comfort Inn & Suites Miami International Airport,Very Good,8.2,"6,170",,Queen Room with Two Queen Beds - Non-Smoking,Miami,USA
Comfort Suites Miami Airport North,Good,7.9,"1,988",,Queen Suite with Two Queen Beds,Miami,USA
Courtyard by Marriott Miami at Dolphin Mall,Very Good,8.5,"1,790",,King Room with Sofa Bed - Hearing Accessible,Miami,USA
Days Inn by Wyndham Miami Airport North,Review score,6.2,"4,342",,Queen Room - Non-Smoking,Miami,USA
DoubleTree by Hilton Grand Hotel Biscayne Bay,Good,7.6,704,,Double Room with Garden View,Miami,USA
Downtown by Miami Vacation Rentals,Good,7.7,17,251,King Studio with Sofa Bed,Miami,USA
Downtown Miami Deluxe Apartment,Excellent,8.6,14,189,Deluxe Apartment,Miami,USA
EB Hotel Miami Airport,Wonderful,9,"1,707",,Queen Room with Two Queen Beds,Miami,USA
Elegant Miami Apartment East Little Havana / Free Parking,Good,7.7,132,99,One-Bedroom Apartment,Miami,USA
Element Miami International Airport,Very Good,8.3,861,,King Room,Miami,USA
Embassy Suites by Hilton Miami International Airport,Good,7.9,"1,545",,King Suite,Miami,USA
enVision Hotel Miami International Airport,Good,7.2,497,,Double Room - Non Smoking,Miami,USA
Eurostars Langford,Very Good,8.5,"3,442",193,Deluxe Room,Miami,USA
Extended Stay America Premier Suites - Miami - Airport - Doral - 87th Avenue South,Good,7.3,"1,040",,Studio with 1 Queen Bed - Hearing Accessible - Non-Smoking,Miami,USA
Four Points by Sheraton Miami Airport,Very Good,8.3,"1,101",,"Guest room, 2 Queen",Miami,USA
Gale Miami Hotel & Residences,Very Good,8.1,285,344,City view Studio King,Miami,USA
Hampton Inn & Suites by Hilton Miami Downtown/Brickell,Excellent,8.8,"3,728",,King Room - Non-Smoking,Miami,USA
Hampton Inn & Suites Miami Airport South/Blue Lagoon,Very Good,8.4,"1,164",,Queen Room with Two Queen Beds - Non-Smoking,Miami,USA
"Hampton Inn & Suites Miami Wynwood Design District, FL",Very Good,8.4,"2,173",,King Room - Non-Smoking,Miami,USA
Hampton Inn & Suites Miami-Doral Dolphin Mall,Very Good,8.1,"1,504",,Executive King Room with Sofa Bed - Non-Smoking,Miami,USA
Hampton Inn Miami-Coconut Grove/Coral Gables,Very Good,8.3,"2,358",,King Room - Mobility Access/Non-Smoking,Miami,USA
Hilton Garden Inn Miami Airport West,Very Good,8.4,635,,King Room,Miami,USA
Hilton Garden Inn Miami Brickell South,Good,7.7,545,,King Room with Roll-In Shower - Mobility Access,Miami,USA
Hilton Garden Inn Miami Dolphin Mall,Excellent,8.6,"5,116",,Queen Room with Two Queen Beds - Hearing Access,Miami,USA
Hilton Miami Airport Blue Lagoon,Good,7.2,"3,340",,Queen Room with Two Queen Beds - Hearing Accessible,Miami,USA
Hilton Miami Downtown,Very Good,8.2,"2,828",,Queen Room with Two Queen Beds and Roll-In Shower - Mobility Access,Miami,USA
Holiday Inn Express & Suites Miami Airport East by IHG,Very Good,8.1,"1,946",,Executive King Room - Mobility Access Tub/Non-Smoking,Miami,USA
Holiday Inn Express Miami Airport Doral Area by IHG,Very Good,8.1,"2,369",,Standard King Room,Miami,USA
Holiday Inn Express Miami Airport-Blue Lagoon Area by IHG,Very Good,8.5,"1,113",,King Suite with Shower - Communications/Mobility Accessible,Miami,USA
Holiday Inn Hotel Port of Miami-Downtown by IHG,Review score,6.2,"2,439",,Double Room with Two Double Beds - Non-Smoking,Miami,USA
Holiday Inn Miami International Airport by IHG,Good,7.7,"3,196",,Premium Queen Room with Two Queen Beds,Miami,USA
Home2 Suites By Hilton Miami Airport South Blue Lagoon,Very Good,8,186,,King Studio Suite - Non-Smoking,Miami,USA
"Home2 Suites By Hilton Miami Doral West Airport, Fl",Excellent,8.7,"1,605",,Queen Studio with Two Queen Beds - Non-Smoking,Miami,USA
Homewood Suites by Hilton Miami Dolphin Mall,Excellent,8.7,"2,171",,King Studio Suite - Non-Smoking,Miami,USA
Homewood Suites by Hilton Miami Downtown/Brickell,Very Good,8.3,703,,King Studio Suite - Hearing Access/Non-Smoking,Miami,USA
Homewood Suites Miami Airport/Blue Lagoon,Very Good,8.2,760,,King Suite - Mobility Access/Non-Smoking,Miami,USA
Hotel Arya BW Premier Collection,Good,7.8,"1,242",,King Room with City View,Miami,USA
Hotel Indigo Miami Brickell by IHG,Very Good,8,"1,077",,Premium King Room,Miami,USA
Hyatt Place Miami Airport East,Good,7.8,"2,767",,King Room with Sofa Bed and Roll-In Shower - Disability Access,Miami,USA
Hyatt Place Miami Airport-West/Doral,Very Good,8.2,"1,727",,King Room with Sofa Bed,Miami,USA
Hyde Suites Midtown Miami,Very Good,8.5,303,440,Double Room,Miami,USA
InterContinental at Doral Miami by IHG,Very Good,8.5,910,,Classic Double Room with Two Double Beds,Miami,USA
InterContinental Miami by IHG,Excellent,8.8,"1,986",,Upgraded Classic Room,Miami,USA
Kimpton EPIC Hotel by IHG,Very Good,8.4,"1,948",,Double Room with Two Double Beds and City View,Miami,USA
La Quinta by Wyndham Miami Airport West,Good,7.9,"3,863",138,Deluxe King Room,Miami,USA
Loews Coral Gables Hotel,Wonderful,9,284,,Deluxe King Room,Miami,USA
Lumiére Penthouse,Exceptional,10,8,350,Penthouse Apartment,Miami,USA
Lux Retreat By Renzzi,Very Good,8.3,69,223,Two-Bedroom Apartment with Balcony,Miami,USA
Luxury Oceanview Studio at Miami Design District,Wonderful,9.2,22,284,Studio Apartment with Sea View,Miami,USA
Miami International Airport 1,Good,7.9,521,,One-Bedroom Apartment,Miami,USA
Miami International Airport 2,Good,7.9,372,,Two-Bedroom Apartment,Miami,USA
Miami International Airport Hotel,Review score,6.9,"6,057",225,Standard Queen Room with One Queen Bed,Miami,USA
Miami Marriott Dadeland,Very Good,8,326,,"Design Guest Room, Guest room, 2 Double",Miami,USA
Mint House Miami - Downtown,Very Good,8.4,634,283,Studio,Miami,USA
Modern 2/2 with Beautiful Ocean and Brickell Views,Very Good,8.5,55,430,Two-Bedroom Apartment,Miami,USA
Modern Unit in Downtown Miami With Free Parking,Wonderful,9,36,205,Apartment,Miami,USA
Moxy Miami Wynwood,Very Good,8.2,16,,La Familia,Miami,USA
Natiivo by IONICA Residences,Excellent,8.8,26,355,Two-Bedroom Apartment,Miami,USA
Novotel Miami Brickell,Very Good,8.4,"1,429",,Superior King Room with City and Park View,Miami,USA
Private Oasis at Arya,Very Good,8.5,"1,224",179,King Room,Miami,USA
Ramada by Wyndham Miami Springs/Miami International Airport,Good,7.9,"4,698",,King Room- Non-Smoking,Miami,USA
Regency Miami Airport by Sonesta,Good,7.7,"3,197",154,Standard King Room - Disability Accessible,Miami,USA
Residences by Miami Vacation Rentals,Wonderful,9.4,10,127,Deluxe King Suite,Miami,USA
Sentral Alea Miami,Very Good,8.3,483,199,Studio,Miami,USA
Sentral Wynwood,Excellent,8.7,"1,384",145,Studio Apartment with Den in Wynwood,Miami,USA
Smart Brickell Hotel,Excellent,8.6,"1,952",,Suite Plus,Miami,USA
Sonesta Miami Airport,Good,7.6,"1,129",194,King Room - Poolside,Miami,USA
Spacious 2 Bed Unit in Brickell with Free Parking,Very Good,8.1,31,394,Apartment,Miami,USA
SpringHill Suites by Marriott Miami Airport South Blue Lagoon Area,Good,7.6,"2,552",183,Suite with Two Double Beds and Sofa Bed,Miami,USA
The 305,Excellent,8.9,49,293,Four-Bedroom House,Miami,USA
The Biscayne Hotel,Good,7.6,890,102,Standard King Room,Miami,USA
The Elser Hotel Miami - An All-Suite Hotel,Excellent,8.7,"4,345",242,Bay View Studio Suite with King Bed,Miami,USA
The Grayson Hotel Miami Downtown,Very Good,8.2,143,183,City View King,Miami,USA
The New Yorker Miami Hotel,Very Good,8,"1,269",114,Standard Queen Room,Miami,USA
The Vagabond Hotel,Excellent,8.7,322,,King Room,Miami,USA
TownePlace Suites by Marriott Miami Airport,Very Good,8.3,"1,316",,King Studio,Miami,USA
TR Miami 2 Bedroom Condo and Studio with Balcony,Excellent,8.8,163,325,Two-Bedroom Apartment,Miami,USA
Tru By Hilton Miami West Brickell,Very Good,8.5,"1,537",,King Room,Miami,USA
Trump National Doral Golf Resort,Wonderful,9.4,659,373,Deluxe Room with King Bed,Miami,USA
Urban Chic Best Location In Brickell Prkg,Wonderful,9.1,250,251,One-Bedroom Apartment,Miami,USA
Urban Escape 3 Bed Unit near Brickell and Wynwood,Wonderful,9.3,15,535,Apartment,Miami,USA
YOTELPAD Miami,Very Good,8,859,210,Studio PAD Double Queen,Miami,USA
YVE Hotel Miami,Review score,6.9,"5,091",179,Savvy King,Miami,USA
